id,date,store_nbr,family,sales,onpromotion
12,2013-01-01,1,GROCERY I,0.0,0
1794,2013-01-02,1,GROCERY I,2652.0,0
3576,2013-01-03,1,GROCERY I,2121.0,0
5358,2013-01-04,1,GROCERY I,2056.0,0
7140,2013-01-05,1,GROCERY I,2216.0,0
8922,2013-01-06,1,GROCERY I,723.0,0
10704,2013-01-07,1,GROCERY I,2262.0,0
12486,2013-01-08,1,GROCERY I,1782.0,0
14268,2013-01-09,1,GROCERY I,2429.0,0
16050,2013-01-10,1,GROCERY I,1544.0,0
17832,2013-01-11,1,GROCERY I,1750.0,0
19614,2013-01-12,1,GROCERY I,1796.0,0
21396,2013-01-13,1,GROCERY I,961.0,0
23178,2013-01-14,1,GROCERY I,1902.0,0
24960,2013-01-15,1,GROCERY I,1671.0,0
26742,2013-01-16,1,GROCERY I,2387.0,0
28524,2013-01-17,1,GROCERY I,1648.0,0
30306,2013-01-18,1,GROCERY I,1804.0,0
32088,2013-01-19,1,GROCERY I,1956.0,0
33870,2013-01-20,1,GROCERY I,895.0,0
35652,2013-01-21,1,GROCERY I,1679.0,0
37434,2013-01-22,1,GROCERY I,1809.0,0
39216,2013-01-23,1,GROCERY I,2271.0,0
40998,2013-01-24,1,GROCERY I,1868.0,0
42780,2013-01-25,1,GROCERY I,1706.0,0
44562,2013-01-26,1,GROCERY I,1775.0,0
46344,2013-01-27,1,GROCERY I,811.0,0
48126,2013-01-28,1,GROCERY I,1695.0,0
49908,2013-01-29,1,GROCERY I,1575.0,0
51690,2013-01-30,1,GROCERY I,2157.0,0
53472,2013-01-31,1,GROCERY I,1496.0,0
55254,2013-02-01,1,GROCERY I,1808.0,0
57036,2013-02-02,1,GROCERY I,2092.0,0
58818,2013-02-03,1,GROCERY I,810.0,0
60600,2013-02-04,1,GROCERY I,2221.0,0
62382,2013-02-05,1,GROCERY I,1868.0,0
64164,2013-02-06,1,GROCERY I,2056.0,0
65946,2013-02-07,1,GROCERY I,1474.0,0
67728,2013-02-08,1,GROCERY I,1767.0,0
69510,2013-02-09,1,GROCERY I,1552.0,0
71292,2013-02-10,1,GROCERY I,385.0,0
73074,2013-02-11,1,GROCERY I,458.0,0
74856,2013-02-12,1,GROCERY I,628.0,0
76638,2013-02-13,1,GROCERY I,2422.0,0
78420,2013-02-14,1,GROCERY I,1743.0,0
80202,2013-02-15,1,GROCERY I,1713.0,0
81984,2013-02-16,1,GROCERY I,2046.0,0
83766,2013-02-17,1,GROCERY I,630.0,0
85548,2013-02-18,1,GROCERY I,1799.0,0
87330,2013-02-19,1,GROCERY I,1923.0,0
89112,2013-02-20,1,GROCERY I,2246.0,0
90894,2013-02-21,1,GROCERY I,2023.0,0
92676,2013-02-22,1,GROCERY I,1741.0,0
94458,2013-02-23,1,GROCERY I,1851.0,0
96240,2013-02-24,1,GROCERY I,782.0,0
98022,2013-02-25,1,GROCERY I,1897.0,0
99804,2013-02-26,1,GROCERY I,1671.0,0
101586,2013-02-27,1,GROCERY I,2174.0,0
103368,2013-02-28,1,GROCERY I,1667.0,0
105150,2013-03-01,1,GROCERY I,1930.0,0
106932,2013-03-02,1,GROCERY I,1980.0,0
108714,2013-03-03,1,GROCERY I,914.0,0
110496,2013-03-04,1,GROCERY I,2299.0,0
112278,2013-03-05,1,GROCERY I,1746.0,0
114060,2013-03-06,1,GROCERY I,2475.0,0
115842,2013-03-07,1,GROCERY I,1720.0,0
117624,2013-03-08,1,GROCERY I,1893.0,0
119406,2013-03-09,1,GROCERY I,1972.0,0
121188,2013-03-10,1,GROCERY I,854.0,0
122970,2013-03-11,1,GROCERY I,1809.0,0
124752,2013-03-12,1,GROCERY I,1808.0,0
126534,2013-03-13,1,GROCERY I,2010.0,0
128316,2013-03-14,1,GROCERY I,1685.0,0
130098,2013-03-15,1,GROCERY I,1760.0,0
131880,2013-03-16,1,GROCERY I,2082.0,0
133662,2013-03-17,1,GROCERY I,745.0,0
135444,2013-03-18,1,GROCERY I,1830.0,0
137226,2013-03-19,1,GROCERY I,1813.0,0
139008,2013-03-20,1,GROCERY I,2200.0,0
140790,2013-03-21,1,GROCERY I,1791.0,0
142572,2013-03-22,1,GROCERY I,1981.0,0
144354,2013-03-23,1,GROCERY I,1953.0,0
146136,2013-03-24,1,GROCERY I,725.0,0
147918,2013-03-25,1,GROCERY I,1918.0,0
149700,2013-03-26,1,GROCERY I,1768.0,0
151482,2013-03-27,1,GROCERY I,2208.0,0
153264,2013-03-28,1,GROCERY I,1875.0,0
155046,2013-03-29,1,GROCERY I,636.0,0
156828,2013-03-30,1,GROCERY I,1609.0,0
158610,2013-03-31,1,GROCERY I,747.0,0
160392,2013-04-01,1,GROCERY I,2322.0,0
162174,2013-04-02,1,GROCERY I,2133.0,0
163956,2013-04-03,1,GROCERY I,2666.0,0
165738,2013-04-04,1,GROCERY I,1785.0,0
167520,2013-04-05,1,GROCERY I,1950.0,0
169302,2013-04-06,1,GROCERY I,1932.0,0
171084,2013-04-07,1,GROCERY I,796.0,0
172866,2013-04-08,1,GROCERY I,1855.0,0
174648,2013-04-09,1,GROCERY I,1675.0,0
176430,2013-04-10,1,GROCERY I,2466.0,0
178212,2013-04-11,1,GROCERY I,1645.0,0
179994,2013-04-12,1,GROCERY I,1965.0,0
181776,2013-04-13,1,GROCERY I,1853.0,0
183558,2013-04-14,1,GROCERY I,735.0,0
185340,2013-04-15,1,GROCERY I,1871.0,0
187122,2013-04-16,1,GROCERY I,1997.0,0
188904,2013-04-17,1,GROCERY I,2320.0,0
190686,2013-04-18,1,GROCERY I,1814.0,0
192468,2013-04-19,1,GROCERY I,1709.0,0
194250,2013-04-20,1,GROCERY I,1965.0,0
196032,2013-04-21,1,GROCERY I,925.0,0
197814,2013-04-22,1,GROCERY I,1848.0,0
199596,2013-04-23,1,GROCERY I,1906.0,0
201378,2013-04-24,1,GROCERY I,3002.0,0
203160,2013-04-25,1,GROCERY I,1513.0,0
204942,2013-04-26,1,GROCERY I,1894.0,0
206724,2013-04-27,1,GROCERY I,1848.0,0
208506,2013-04-28,1,GROCERY I,813.0,0
210288,2013-04-29,1,GROCERY I,1579.0,0
212070,2013-04-30,1,GROCERY I,1872.0,0
213852,2013-05-01,1,GROCERY I,966.0,0
215634,2013-05-02,1,GROCERY I,1988.0,0
217416,2013-05-03,1,GROCERY I,2321.0,0
219198,2013-05-04,1,GROCERY I,2091.0,0
220980,2013-05-05,1,GROCERY I,1020.0,0
222762,2013-05-06,1,GROCERY I,2162.0,0
224544,2013-05-07,1,GROCERY I,1938.0,0
226326,2013-05-08,1,GROCERY I,2395.0,0
228108,2013-05-09,1,GROCERY I,1746.0,0
229890,2013-05-10,1,GROCERY I,1929.0,0
231672,2013-05-11,1,GROCERY I,2244.0,0
233454,2013-05-12,1,GROCERY I,674.0,0
235236,2013-05-13,1,GROCERY I,1990.0,0
237018,2013-05-14,1,GROCERY I,2006.0,0
238800,2013-05-15,1,GROCERY I,2109.0,0
240582,2013-05-16,1,GROCERY I,1902.0,0
242364,2013-05-17,1,GROCERY I,1988.0,0
244146,2013-05-18,1,GROCERY I,2135.0,0
245928,2013-05-19,1,GROCERY I,764.0,0
247710,2013-05-20,1,GROCERY I,1949.0,0
249492,2013-05-21,1,GROCERY I,1916.0,0
251274,2013-05-22,1,GROCERY I,2098.0,0
253056,2013-05-23,1,GROCERY I,1926.0,0
254838,2013-05-24,1,GROCERY I,650.0,0
256620,2013-05-25,1,GROCERY I,1527.0,0
258402,2013-05-26,1,GROCERY I,590.0,0
260184,2013-05-27,1,GROCERY I,1825.0,0
261966,2013-05-28,1,GROCERY I,1944.0,0
263748,2013-05-29,1,GROCERY I,2590.0,0
265530,2013-05-30,1,GROCERY I,1796.0,0
267312,2013-05-31,1,GROCERY I,2111.0,0
269094,2013-06-01,1,GROCERY I,2252.0,0
270876,2013-06-02,1,GROCERY I,639.0,0
272658,2013-06-03,1,GROCERY I,2403.0,0
274440,2013-06-04,1,GROCERY I,2231.0,0
276222,2013-06-05,1,GROCERY I,2677.0,0
278004,2013-06-06,1,GROCERY I,2060.0,0
279786,2013-06-07,1,GROCERY I,2144.0,0
281568,2013-06-08,1,GROCERY I,2054.0,0
283350,2013-06-09,1,GROCERY I,882.0,0
285132,2013-06-10,1,GROCERY I,2012.0,0
286914,2013-06-11,1,GROCERY I,1967.0,0
288696,2013-06-12,1,GROCERY I,2220.0,0
290478,2013-06-13,1,GROCERY I,1589.0,0
292260,2013-06-14,1,GROCERY I,2105.0,0
294042,2013-06-15,1,GROCERY I,1844.0,0
295824,2013-06-16,1,GROCERY I,633.0,0
297606,2013-06-17,1,GROCERY I,2105.0,0
299388,2013-06-18,1,GROCERY I,1912.0,0
301170,2013-06-19,1,GROCERY I,2834.0,0
302952,2013-06-20,1,GROCERY I,1769.0,0
304734,2013-06-21,1,GROCERY I,1763.0,0
306516,2013-06-22,1,GROCERY I,1776.0,0
308298,2013-06-23,1,GROCERY I,834.0,0
310080,2013-06-24,1,GROCERY I,1884.0,0
311862,2013-06-25,1,GROCERY I,2127.0,0
313644,2013-06-26,1,GROCERY I,2227.0,0
315426,2013-06-27,1,GROCERY I,1727.0,0
317208,2013-06-28,1,GROCERY I,1994.0,0
318990,2013-06-29,1,GROCERY I,1926.0,0
320772,2013-06-30,1,GROCERY I,774.0,0
322554,2013-07-01,1,GROCERY I,2235.0,0
324336,2013-07-02,1,GROCERY I,2083.0,0
326118,2013-07-03,1,GROCERY I,2587.0,0
327900,2013-07-04,1,GROCERY I,1884.0,0
329682,2013-07-05,1,GROCERY I,2052.0,0
331464,2013-07-06,1,GROCERY I,1768.0,0
333246,2013-07-07,1,GROCERY I,864.0,0
335028,2013-07-08,1,GROCERY I,2116.0,0
336810,2013-07-09,1,GROCERY I,1926.0,0
338592,2013-07-10,1,GROCERY I,2609.0,0
340374,2013-07-11,1,GROCERY I,1735.0,0
342156,2013-07-12,1,GROCERY I,1990.0,0
343938,2013-07-13,1,GROCERY I,1950.0,0
345720,2013-07-14,1,GROCERY I,699.0,0
347502,2013-07-15,1,GROCERY I,2100.0,0
349284,2013-07-16,1,GROCERY I,2357.0,0
351066,2013-07-17,1,GROCERY I,2154.0,0
352848,2013-07-18,1,GROCERY I,1826.0,0
354630,2013-07-19,1,GROCERY I,1895.0,0
356412,2013-07-20,1,GROCERY I,1840.0,0
358194,2013-07-21,1,GROCERY I,735.0,0
359976,2013-07-22,1,GROCERY I,1824.0,0
361758,2013-07-23,1,GROCERY I,2225.0,0
363540,2013-07-24,1,GROCERY I,2004.0,0
365322,2013-07-25,1,GROCERY I,1849.0,0
367104,2013-07-26,1,GROCERY I,1912.0,0
368886,2013-07-27,1,GROCERY I,1768.0,0
370668,2013-07-28,1,GROCERY I,690.0,0
372450,2013-07-29,1,GROCERY I,2155.0,0
374232,2013-07-30,1,GROCERY I,1673.0,0
376014,2013-07-31,1,GROCERY I,2232.0,0
377796,2013-08-01,1,GROCERY I,2453.0,0
379578,2013-08-02,1,GROCERY I,1836.0,0
381360,2013-08-03,1,GROCERY I,2038.0,0
383142,2013-08-04,1,GROCERY I,704.0,0
384924,2013-08-05,1,GROCERY I,2219.0,0
386706,2013-08-06,1,GROCERY I,1903.0,0
388488,2013-08-07,1,GROCERY I,2155.0,0
390270,2013-08-08,1,GROCERY I,1658.0,0
392052,2013-08-09,1,GROCERY I,2039.0,0
393834,2013-08-10,1,GROCERY I,1315.0,0
395616,2013-08-11,1,GROCERY I,664.0,0
397398,2013-08-12,1,GROCERY I,2121.0,0
399180,2013-08-13,1,GROCERY I,1752.0,0
400962,2013-08-14,1,GROCERY I,2157.0,0
402744,2013-08-15,1,GROCERY I,1811.0,0
404526,2013-08-16,1,GROCERY I,1898.0,0
406308,2013-08-17,1,GROCERY I,1801.0,0
408090,2013-08-18,1,GROCERY I,689.0,0
409872,2013-08-19,1,GROCERY I,1743.0,0
411654,2013-08-20,1,GROCERY I,1817.0,0
413436,2013-08-21,1,GROCERY I,2154.0,0
415218,2013-08-22,1,GROCERY I,1676.0,0
417000,2013-08-23,1,GROCERY I,2032.0,0
418782,2013-08-24,1,GROCERY I,1667.0,0
420564,2013-08-25,1,GROCERY I,813.0,0
422346,2013-08-26,1,GROCERY I,1863.0,0
424128,2013-08-27,1,GROCERY I,2118.0,0
425910,2013-08-28,1,GROCERY I,2231.0,0
427692,2013-08-29,1,GROCERY I,1723.0,0
429474,2013-08-30,1,GROCERY I,1943.0,0
431256,2013-08-31,1,GROCERY I,1897.0,0
433038,2013-09-01,1,GROCERY I,992.0,0
434820,2013-09-02,1,GROCERY I,1952.0,0
436602,2013-09-03,1,GROCERY I,1885.0,0
438384,2013-09-04,1,GROCERY I,2460.0,0
440166,2013-09-05,1,GROCERY I,1809.0,0
441948,2013-09-06,1,GROCERY I,2050.0,0
443730,2013-09-07,1,GROCERY I,2002.0,0
445512,2013-09-08,1,GROCERY I,888.0,0
447294,2013-09-09,1,GROCERY I,1964.0,0
449076,2013-09-10,1,GROCERY I,1748.0,0
450858,2013-09-11,1,GROCERY I,2356.0,0
452640,2013-09-12,1,GROCERY I,2145.0,0
454422,2013-09-13,1,GROCERY I,2184.0,0
456204,2013-09-14,1,GROCERY I,1834.0,0
457986,2013-09-15,1,GROCERY I,977.0,0
459768,2013-09-16,1,GROCERY I,2054.0,0
461550,2013-09-17,1,GROCERY I,1783.0,0
463332,2013-09-18,1,GROCERY I,2054.0,0
465114,2013-09-19,1,GROCERY I,1837.0,0
466896,2013-09-20,1,GROCERY I,1720.0,0
468678,2013-09-21,1,GROCERY I,2017.0,0
470460,2013-09-22,1,GROCERY I,779.0,0
472242,2013-09-23,1,GROCERY I,1935.0,0
474024,2013-09-24,1,GROCERY I,1992.0,0
475806,2013-09-25,1,GROCERY I,2248.0,0
477588,2013-09-26,1,GROCERY I,1721.0,0
479370,2013-09-27,1,GROCERY I,1932.0,0
481152,2013-09-28,1,GROCERY I,1821.0,0
482934,2013-09-29,1,GROCERY I,977.0,0
484716,2013-09-30,1,GROCERY I,1989.0,0
486498,2013-10-01,1,GROCERY I,2820.0,0
488280,2013-10-02,1,GROCERY I,2731.0,0
490062,2013-10-03,1,GROCERY I,1929.0,0
491844,2013-10-04,1,GROCERY I,2192.0,0
493626,2013-10-05,1,GROCERY I,1934.0,0
495408,2013-10-06,1,GROCERY I,914.0,0
497190,2013-10-07,1,GROCERY I,2124.0,0
498972,2013-10-08,1,GROCERY I,2189.0,0
500754,2013-10-09,1,GROCERY I,2289.0,0
502536,2013-10-10,1,GROCERY I,1898.0,0
504318,2013-10-11,1,GROCERY I,1239.0,0
506100,2013-10-12,1,GROCERY I,1428.0,0
507882,2013-10-13,1,GROCERY I,850.0,0
509664,2013-10-14,1,GROCERY I,2031.0,0
511446,2013-10-15,1,GROCERY I,2082.0,0
513228,2013-10-16,1,GROCERY I,2155.0,0
515010,2013-10-17,1,GROCERY I,2129.0,0
516792,2013-10-18,1,GROCERY I,2014.0,0
518574,2013-10-19,1,GROCERY I,2082.0,0
520356,2013-10-20,1,GROCERY I,946.0,0
522138,2013-10-21,1,GROCERY I,2094.0,0
523920,2013-10-22,1,GROCERY I,2416.0,0
525702,2013-10-23,1,GROCERY I,2437.0,0
527484,2013-10-24,1,GROCERY I,1767.0,0
529266,2013-10-25,1,GROCERY I,1946.0,0
531048,2013-10-26,1,GROCERY I,1965.0,0
532830,2013-10-27,1,GROCERY I,1027.0,0
534612,2013-10-28,1,GROCERY I,2046.0,0
536394,2013-10-29,1,GROCERY I,2231.0,0
538176,2013-10-30,1,GROCERY I,2374.0,0
539958,2013-10-31,1,GROCERY I,1833.0,0
541740,2013-11-01,1,GROCERY I,2256.0,0
543522,2013-11-02,1,GROCERY I,1894.0,0
545304,2013-11-03,1,GROCERY I,996.0,0
547086,2013-11-04,1,GROCERY I,2327.0,0
548868,2013-11-05,1,GROCERY I,2364.0,0
550650,2013-11-06,1,GROCERY I,2458.0,0
552432,2013-11-07,1,GROCERY I,1936.0,0
554214,2013-11-08,1,GROCERY I,2149.0,0
555996,2013-11-09,1,GROCERY I,2040.0,0
557778,2013-11-10,1,GROCERY I,968.0,0
559560,2013-11-11,1,GROCERY I,2097.0,0
561342,2013-11-12,1,GROCERY I,1955.0,0
563124,2013-11-13,1,GROCERY I,2910.0,0
564906,2013-11-14,1,GROCERY I,2133.0,0
566688,2013-11-15,1,GROCERY I,1848.0,0
568470,2013-11-16,1,GROCERY I,1976.0,0
570252,2013-11-17,1,GROCERY I,800.0,0
572034,2013-11-18,1,GROCERY I,2179.0,0
573816,2013-11-19,1,GROCERY I,2471.0,0
575598,2013-11-20,1,GROCERY I,2530.0,0
577380,2013-11-21,1,GROCERY I,1938.0,0
579162,2013-11-22,1,GROCERY I,2108.0,0
580944,2013-11-23,1,GROCERY I,1939.0,0
582726,2013-11-24,1,GROCERY I,790.0,0
584508,2013-11-25,1,GROCERY I,2492.0,0
586290,2013-11-26,1,GROCERY I,2138.0,0
588072,2013-11-27,1,GROCERY I,2454.0,0
589854,2013-11-28,1,GROCERY I,1852.0,0
591636,2013-11-29,1,GROCERY I,1931.0,0
593418,2013-11-30,1,GROCERY I,2071.0,0
595200,2013-12-01,1,GROCERY I,1034.0,0
596982,2013-12-02,1,GROCERY I,2285.0,0
598764,2013-12-03,1,GROCERY I,2400.0,0
600546,2013-12-04,1,GROCERY I,4311.0,0
602328,2013-12-05,1,GROCERY I,2025.0,0
604110,2013-12-06,1,GROCERY I,817.0,0
605892,2013-12-07,1,GROCERY I,1815.0,0
607674,2013-12-08,1,GROCERY I,921.0,0
609456,2013-12-09,1,GROCERY I,2347.0,0
611238,2013-12-10,1,GROCERY I,2835.0,0
613020,2013-12-11,1,GROCERY I,3833.0,0
614802,2013-12-12,1,GROCERY I,3660.0,0
616584,2013-12-13,1,GROCERY I,2546.0,0
618366,2013-12-14,1,GROCERY I,2331.0,0
620148,2013-12-15,1,GROCERY I,1167.0,0
621930,2013-12-16,1,GROCERY I,2679.0,0
623712,2013-12-17,1,GROCERY I,2713.0,0
625494,2013-12-18,1,GROCERY I,3702.0,0
627276,2013-12-19,1,GROCERY I,3030.0,0
629058,2013-12-20,1,GROCERY I,3972.0,0
630840,2013-12-21,1,GROCERY I,2916.0,0
632622,2013-12-22,1,GROCERY I,2136.0,0
634404,2013-12-23,1,GROCERY I,4367.0,0
636186,2013-12-24,1,GROCERY I,3036.0,0
637968,2013-12-26,1,GROCERY I,2052.0,0
639750,2013-12-27,1,GROCERY I,2152.0,0
641532,2013-12-28,1,GROCERY I,1323.0,0
643314,2013-12-29,1,GROCERY I,529.0,0
645096,2013-12-30,1,GROCERY I,1485.0,0
646878,2013-12-31,1,GROCERY I,1490.0,0
648660,2014-01-01,1,GROCERY I,0.0,0
650442,2014-01-02,1,GROCERY I,2441.0,0
652224,2014-01-03,1,GROCERY I,2117.0,0
654006,2014-01-04,1,GROCERY I,2233.0,0
655788,2014-01-05,1,GROCERY I,960.0,0
657570,2014-01-06,1,GROCERY I,2157.0,0
659352,2014-01-07,1,GROCERY I,2077.0,0
661134,2014-01-08,1,GROCERY I,2728.0,0
662916,2014-01-09,1,GROCERY I,2059.0,0
664698,2014-01-10,1,GROCERY I,1984.0,0
666480,2014-01-11,1,GROCERY I,2100.0,0
668262,2014-01-12,1,GROCERY I,893.0,0
670044,2014-01-13,1,GROCERY I,2140.0,0
671826,2014-01-14,1,GROCERY I,1980.0,0
673608,2014-01-15,1,GROCERY I,2774.0,0
675390,2014-01-16,1,GROCERY I,1766.0,0
677172,2014-01-17,1,GROCERY I,2018.0,0
678954,2014-01-18,1,GROCERY I,2026.0,0
680736,2014-01-19,1,GROCERY I,924.0,0
682518,2014-01-20,1,GROCERY I,2013.0,0
684300,2014-01-21,1,GROCERY I,2290.0,0
686082,2014-01-22,1,GROCERY I,2370.0,0
687864,2014-01-23,1,GROCERY I,1897.0,0
689646,2014-01-24,1,GROCERY I,2183.0,0
691428,2014-01-25,1,GROCERY I,1779.0,0
693210,2014-01-26,1,GROCERY I,1013.0,0
694992,2014-01-27,1,GROCERY I,2085.0,0
696774,2014-01-28,1,GROCERY I,1948.0,0
698556,2014-01-29,1,GROCERY I,2514.0,0
700338,2014-01-30,1,GROCERY I,1719.0,0
702120,2014-01-31,1,GROCERY I,2059.0,0
703902,2014-02-01,1,GROCERY I,2299.0,0
705684,2014-02-02,1,GROCERY I,899.0,0
707466,2014-02-03,1,GROCERY I,2175.0,0
709248,2014-02-04,1,GROCERY I,1917.0,0
711030,2014-02-05,1,GROCERY I,2888.0,0
712812,2014-02-06,1,GROCERY I,1923.0,0
714594,2014-02-07,1,GROCERY I,1985.0,0
716376,2014-02-08,1,GROCERY I,1913.0,0
718158,2014-02-09,1,GROCERY I,838.0,0
719940,2014-02-10,1,GROCERY I,2165.0,0
721722,2014-02-11,1,GROCERY I,2240.0,0
723504,2014-02-12,1,GROCERY I,2656.0,0
725286,2014-02-13,1,GROCERY I,1904.0,0
727068,2014-02-14,1,GROCERY I,2107.0,0
728850,2014-02-15,1,GROCERY I,2215.0,0
730632,2014-02-16,1,GROCERY I,1015.0,0
732414,2014-02-17,1,GROCERY I,2023.0,0
734196,2014-02-18,1,GROCERY I,2425.0,0
735978,2014-02-19,1,GROCERY I,2319.0,0
737760,2014-02-20,1,GROCERY I,1931.0,0
739542,2014-02-21,1,GROCERY I,1942.0,0
741324,2014-02-22,1,GROCERY I,2088.0,0
743106,2014-02-23,1,GROCERY I,784.0,0
744888,2014-02-24,1,GROCERY I,2187.0,0
746670,2014-02-25,1,GROCERY I,2012.0,0
748452,2014-02-26,1,GROCERY I,2140.0,0
750234,2014-02-27,1,GROCERY I,1649.0,0
752016,2014-02-28,1,GROCERY I,2002.0,0
753798,2014-03-01,1,GROCERY I,1845.0,0
755580,2014-03-02,1,GROCERY I,444.0,0
757362,2014-03-03,1,GROCERY I,558.0,0
759144,2014-03-04,1,GROCERY I,740.0,0
760926,2014-03-05,1,GROCERY I,2750.0,0
762708,2014-03-06,1,GROCERY I,2342.0,0
764490,2014-03-07,1,GROCERY I,2979.0,0
766272,2014-03-08,1,GROCERY I,2136.0,0
768054,2014-03-09,1,GROCERY I,1129.0,0
769836,2014-03-10,1,GROCERY I,2265.0,0
771618,2014-03-11,1,GROCERY I,2125.0,0
773400,2014-03-12,1,GROCERY I,2717.0,0
775182,2014-03-13,1,GROCERY I,1864.0,0
776964,2014-03-14,1,GROCERY I,1932.0,0
778746,2014-03-15,1,GROCERY I,1928.0,0
780528,2014-03-16,1,GROCERY I,1295.0,0
782310,2014-03-17,1,GROCERY I,2029.0,0
784092,2014-03-18,1,GROCERY I,2295.0,0
785874,2014-03-19,1,GROCERY I,2412.0,0
787656,2014-03-20,1,GROCERY I,1854.0,0
789438,2014-03-21,1,GROCERY I,2218.0,0
791220,2014-03-22,1,GROCERY I,2289.0,0
793002,2014-03-23,1,GROCERY I,916.0,0
794784,2014-03-24,1,GROCERY I,1991.0,0
796566,2014-03-25,1,GROCERY I,2085.0,0
798348,2014-03-26,1,GROCERY I,2317.0,0
800130,2014-03-27,1,GROCERY I,1772.0,0
801912,2014-03-28,1,GROCERY I,2068.0,0
803694,2014-03-29,1,GROCERY I,2272.0,0
805476,2014-03-30,1,GROCERY I,978.0,0
807258,2014-03-31,1,GROCERY I,2272.0,0
809040,2014-04-01,1,GROCERY I,2471.0,0
810822,2014-04-02,1,GROCERY I,2685.0,0
812604,2014-04-03,1,GROCERY I,1904.0,0
814386,2014-04-04,1,GROCERY I,2855.0,0
816168,2014-04-05,1,GROCERY I,2251.0,0
817950,2014-04-06,1,GROCERY I,1125.0,0
819732,2014-04-07,1,GROCERY I,2336.0,0
821514,2014-04-08,1,GROCERY I,1791.0,0
823296,2014-04-09,1,GROCERY I,2449.0,0
825078,2014-04-10,1,GROCERY I,1960.0,0
826860,2014-04-11,1,GROCERY I,1777.0,0
828642,2014-04-12,1,GROCERY I,2032.0,0
830424,2014-04-13,1,GROCERY I,858.0,0
832206,2014-04-14,1,GROCERY I,2009.0,0
833988,2014-04-15,1,GROCERY I,2178.0,0
835770,2014-04-16,1,GROCERY I,2619.0,0
837552,2014-04-17,1,GROCERY I,1853.0,0
839334,2014-04-18,1,GROCERY I,831.0,0
841116,2014-04-19,1,GROCERY I,1399.0,0
842898,2014-04-20,1,GROCERY I,973.0,0
844680,2014-04-21,1,GROCERY I,2057.0,0
846462,2014-04-22,1,GROCERY I,1848.0,0
848244,2014-04-23,1,GROCERY I,3733.0,0
850026,2014-04-24,1,GROCERY I,2031.0,0
851808,2014-04-25,1,GROCERY I,1967.0,0
853590,2014-04-26,1,GROCERY I,2196.0,0
855372,2014-04-27,1,GROCERY I,815.0,0
857154,2014-04-28,1,GROCERY I,2081.0,0
858936,2014-04-29,1,GROCERY I,1960.0,0
860718,2014-04-30,1,GROCERY I,2515.0,0
862500,2014-05-01,1,GROCERY I,831.0,0
864282,2014-05-02,1,GROCERY I,2343.0,0
866064,2014-05-03,1,GROCERY I,2544.0,0
867846,2014-05-04,1,GROCERY I,915.0,0
869628,2014-05-05,1,GROCERY I,1634.0,0
871410,2014-05-06,1,GROCERY I,3046.0,0
873192,2014-05-07,1,GROCERY I,2553.0,0
874974,2014-05-08,1,GROCERY I,1926.0,0
876756,2014-05-09,1,GROCERY I,2282.0,0
878538,2014-05-10,1,GROCERY I,2440.0,0
880320,2014-05-11,1,GROCERY I,904.0,0
882102,2014-05-12,1,GROCERY I,2185.0,0
883884,2014-05-13,1,GROCERY I,2449.0,0
885666,2014-05-14,1,GROCERY I,2316.0,0
887448,2014-05-15,1,GROCERY I,1939.0,0
889230,2014-05-16,1,GROCERY I,2182.0,0
891012,2014-05-17,1,GROCERY I,2098.0,0
892794,2014-05-18,1,GROCERY I,965.0,0
894576,2014-05-19,1,GROCERY I,2328.0,0
896358,2014-05-20,1,GROCERY I,2376.0,0
898140,2014-05-21,1,GROCERY I,2367.0,0
899922,2014-05-22,1,GROCERY I,2005.0,0
901704,2014-05-23,1,GROCERY I,1858.0,0
903486,2014-05-24,1,GROCERY I,1982.0,0
905268,2014-05-25,1,GROCERY I,765.0,0
907050,2014-05-26,1,GROCERY I,2052.0,0
908832,2014-05-27,1,GROCERY I,1715.0,0
910614,2014-05-28,1,GROCERY I,2506.0,0
912396,2014-05-29,1,GROCERY I,1896.0,0
914178,2014-05-30,1,GROCERY I,3068.0,0
915960,2014-05-31,1,GROCERY I,2030.0,0
917742,2014-06-01,1,GROCERY I,1033.0,0
919524,2014-06-02,1,GROCERY I,2584.0,0
921306,2014-06-03,1,GROCERY I,2323.0,0
923088,2014-06-04,1,GROCERY I,2562.0,0
924870,2014-06-05,1,GROCERY I,2259.0,0
926652,2014-06-06,1,GROCERY I,2478.0,0
928434,2014-06-07,1,GROCERY I,2055.0,0
930216,2014-06-08,1,GROCERY I,851.0,0
931998,2014-06-09,1,GROCERY I,2193.0,0
933780,2014-06-10,1,GROCERY I,2186.0,0
935562,2014-06-11,1,GROCERY I,2434.0,0
937344,2014-06-12,1,GROCERY I,1749.0,0
939126,2014-06-13,1,GROCERY I,2075.0,0
940908,2014-06-14,1,GROCERY I,2394.0,0
942690,2014-06-15,1,GROCERY I,556.0,0
944472,2014-06-16,1,GROCERY I,2261.0,0
946254,2014-06-17,1,GROCERY I,1858.0,0
948036,2014-06-18,1,GROCERY I,2236.0,0
949818,2014-06-19,1,GROCERY I,1880.0,0
951600,2014-06-20,1,GROCERY I,2283.0,0
953382,2014-06-21,1,GROCERY I,2158.0,0
955164,2014-06-22,1,GROCERY I,870.0,0
956946,2014-06-23,1,GROCERY I,2249.0,0
958728,2014-06-24,1,GROCERY I,2014.0,0
960510,2014-06-25,1,GROCERY I,2336.0,0
962292,2014-06-26,1,GROCERY I,1902.0,0
964074,2014-06-27,1,GROCERY I,2897.0,0
965856,2014-06-28,1,GROCERY I,2155.0,0
967638,2014-06-29,1,GROCERY I,816.0,0
969420,2014-06-30,1,GROCERY I,2191.0,0
971202,2014-07-01,1,GROCERY I,2327.0,2
972984,2014-07-02,1,GROCERY I,3392.0,2
974766,2014-07-03,1,GROCERY I,2165.0,3
976548,2014-07-04,1,GROCERY I,2640.0,2
978330,2014-07-05,1,GROCERY I,1779.0,2
980112,2014-07-06,1,GROCERY I,991.0,1
981894,2014-07-07,1,GROCERY I,2383.0,2
983676,2014-07-08,1,GROCERY I,2126.0,2
985458,2014-07-09,1,GROCERY I,2467.0,4
987240,2014-07-10,1,GROCERY I,2098.0,2
989022,2014-07-11,1,GROCERY I,2191.0,2
990804,2014-07-12,1,GROCERY I,2011.0,4
992586,2014-07-13,1,GROCERY I,932.0,1
994368,2014-07-14,1,GROCERY I,2252.0,3
996150,2014-07-15,1,GROCERY I,1976.0,3
997932,2014-07-16,1,GROCERY I,2470.0,2
999714,2014-07-17,1,GROCERY I,1893.0,2
1001496,2014-07-18,1,GROCERY I,2251.0,3
1003278,2014-07-19,1,GROCERY I,2128.0,4
1005060,2014-07-20,1,GROCERY I,865.0,3
1006842,2014-07-21,1,GROCERY I,2139.0,1
1008624,2014-07-22,1,GROCERY I,2342.0,2
1010406,2014-07-23,1,GROCERY I,2179.0,3
1012188,2014-07-24,1,GROCERY I,1746.0,5
1013970,2014-07-25,1,GROCERY I,1779.0,2
1015752,2014-07-26,1,GROCERY I,1821.0,5
1017534,2014-07-27,1,GROCERY I,817.0,1
1019316,2014-07-28,1,GROCERY I,2076.0,4
1021098,2014-07-29,1,GROCERY I,2031.0,3
1022880,2014-07-30,1,GROCERY I,2090.0,5
1024662,2014-07-31,1,GROCERY I,2091.0,7
1026444,2014-08-01,1,GROCERY I,2387.0,5
1028226,2014-08-02,1,GROCERY I,1920.0,5
1030008,2014-08-03,1,GROCERY I,884.0,2
1031790,2014-08-04,1,GROCERY I,2329.0,3
1033572,2014-08-05,1,GROCERY I,2179.0,3
1035354,2014-08-06,1,GROCERY I,2257.0,8
1037136,2014-08-07,1,GROCERY I,1725.0,3
1038918,2014-08-08,1,GROCERY I,2189.0,3
1040700,2014-08-09,1,GROCERY I,1752.0,8
1042482,2014-08-10,1,GROCERY I,823.0,6
1044264,2014-08-11,1,GROCERY I,2096.0,6
1046046,2014-08-12,1,GROCERY I,1817.0,3
1047828,2014-08-13,1,GROCERY I,2451.0,5
1049610,2014-08-14,1,GROCERY I,2065.0,6
1051392,2014-08-15,1,GROCERY I,2079.0,4
1053174,2014-08-16,1,GROCERY I,2009.0,3
1054956,2014-08-17,1,GROCERY I,907.0,6
1056738,2014-08-18,1,GROCERY I,2046.0,5
1058520,2014-08-19,1,GROCERY I,1874.0,4
1060302,2014-08-20,1,GROCERY I,2345.0,6
1062084,2014-08-21,1,GROCERY I,2007.0,5
1063866,2014-08-22,1,GROCERY I,2125.0,2
1065648,2014-08-23,1,GROCERY I,1996.0,4
1067430,2014-08-24,1,GROCERY I,818.0,3
1069212,2014-08-25,1,GROCERY I,2002.0,6
1070994,2014-08-26,1,GROCERY I,1958.0,6
1072776,2014-08-27,1,GROCERY I,2355.0,8
1074558,2014-08-28,1,GROCERY I,1588.0,3
1076340,2014-08-29,1,GROCERY I,2274.0,3
1078122,2014-08-30,1,GROCERY I,2200.0,1
1079904,2014-08-31,1,GROCERY I,1085.0,1
1081686,2014-09-01,1,GROCERY I,2401.0,2
1083468,2014-09-02,1,GROCERY I,2456.0,3
1085250,2014-09-03,1,GROCERY I,2507.0,3
1087032,2014-09-04,1,GROCERY I,2020.0,3
1088814,2014-09-05,1,GROCERY I,2360.0,6
1090596,2014-09-06,1,GROCERY I,2145.0,4
1092378,2014-09-07,1,GROCERY I,1079.0,2
1094160,2014-09-08,1,GROCERY I,2430.0,1
1095942,2014-09-09,1,GROCERY I,2562.0,5
1097724,2014-09-10,1,GROCERY I,2398.0,2
1099506,2014-09-11,1,GROCERY I,2333.0,4
1101288,2014-09-12,1,GROCERY I,2102.0,3
1103070,2014-09-13,1,GROCERY I,2042.0,3
1104852,2014-09-14,1,GROCERY I,1079.0,0
1106634,2014-09-15,1,GROCERY I,1962.0,3
1108416,2014-09-16,1,GROCERY I,2445.0,4
1110198,2014-09-17,1,GROCERY I,2302.0,4
1111980,2014-09-18,1,GROCERY I,1979.0,2
1113762,2014-09-19,1,GROCERY I,1994.0,2
1115544,2014-09-20,1,GROCERY I,2208.0,4
1117326,2014-09-21,1,GROCERY I,1104.0,0
1119108,2014-09-22,1,GROCERY I,2048.0,4
1120890,2014-09-23,1,GROCERY I,1958.0,3
1122672,2014-09-24,1,GROCERY I,2698.0,4
1124454,2014-09-25,1,GROCERY I,2062.0,1
1126236,2014-09-26,1,GROCERY I,2095.0,0
1128018,2014-09-27,1,GROCERY I,2272.0,0
1129800,2014-09-28,1,GROCERY I,980.0,0
1131582,2014-09-29,1,GROCERY I,2095.0,2
1133364,2014-09-30,1,GROCERY I,2063.0,1
1135146,2014-10-01,1,GROCERY I,2769.0,3
1136928,2014-10-02,1,GROCERY I,2408.0,0
1138710,2014-10-03,1,GROCERY I,3414.0,3
1140492,2014-10-04,1,GROCERY I,2419.0,3
1142274,2014-10-05,1,GROCERY I,1070.0,2
1144056,2014-10-06,1,GROCERY I,2198.0,6
1145838,2014-10-07,1,GROCERY I,2050.0,5
1147620,2014-10-08,1,GROCERY I,2601.0,2
1149402,2014-10-09,1,GROCERY I,1973.0,2
1151184,2014-10-10,1,GROCERY I,1031.0,2
1152966,2014-10-11,1,GROCERY I,1935.0,3
1154748,2014-10-12,1,GROCERY I,756.0,0
1156530,2014-10-13,1,GROCERY I,2180.0,0
1158312,2014-10-14,1,GROCERY I,2403.0,3
1160094,2014-10-15,1,GROCERY I,2386.0,0
1161876,2014-10-16,1,GROCERY I,2124.0,3
1163658,2014-10-17,1,GROCERY I,2182.0,1
1165440,2014-10-18,1,GROCERY I,2385.0,0
1167222,2014-10-19,1,GROCERY I,1173.0,0
1169004,2014-10-20,1,GROCERY I,2107.0,1
1170786,2014-10-21,1,GROCERY I,2051.0,4
1172568,2014-10-22,1,GROCERY I,2600.0,3
1174350,2014-10-23,1,GROCERY I,1880.0,2
1176132,2014-10-24,1,GROCERY I,2181.0,4
1177914,2014-10-25,1,GROCERY I,2226.0,3
1179696,2014-10-26,1,GROCERY I,1174.0,1
1181478,2014-10-27,1,GROCERY I,2086.0,4
1183260,2014-10-28,1,GROCERY I,1768.0,3
1185042,2014-10-29,1,GROCERY I,2428.0,6
1186824,2014-10-30,1,GROCERY I,2227.0,2
1188606,2014-10-31,1,GROCERY I,3094.0,4
1190388,2014-11-01,1,GROCERY I,1856.0,2
1192170,2014-11-02,1,GROCERY I,715.0,4
1193952,2014-11-03,1,GROCERY I,983.0,1
1195734,2014-11-04,1,GROCERY I,2467.0,6
1197516,2014-11-05,1,GROCERY I,3236.0,5
1199298,2014-11-06,1,GROCERY I,2264.0,2
1201080,2014-11-07,1,GROCERY I,2405.0,4
1202862,2014-11-08,1,GROCERY I,2274.0,2
1204644,2014-11-09,1,GROCERY I,925.0,3
1206426,2014-11-10,1,GROCERY I,2003.0,5
1208208,2014-11-11,1,GROCERY I,2410.0,5
1209990,2014-11-12,1,GROCERY I,2452.0,8
1211772,2014-11-13,1,GROCERY I,2112.0,3
1213554,2014-11-14,1,GROCERY I,2109.0,8
1215336,2014-11-15,1,GROCERY I,2256.0,6
1217118,2014-11-16,1,GROCERY I,1326.0,10
1218900,2014-11-17,1,GROCERY I,2171.0,6
1220682,2014-11-18,1,GROCERY I,2987.0,3
1222464,2014-11-19,1,GROCERY I,2744.0,6
1224246,2014-11-20,1,GROCERY I,2112.0,9
1226028,2014-11-21,1,GROCERY I,2192.0,9
1227810,2014-11-22,1,GROCERY I,2287.0,4
1229592,2014-11-23,1,GROCERY I,1088.0,5
1231374,2014-11-24,1,GROCERY I,2189.0,5
1233156,2014-11-25,1,GROCERY I,2042.0,10
1234938,2014-11-26,1,GROCERY I,2674.0,8
1236720,2014-11-27,1,GROCERY I,1882.0,5
1238502,2014-11-28,1,GROCERY I,2212.0,7
1240284,2014-11-29,1,GROCERY I,2233.0,3
1242066,2014-11-30,1,GROCERY I,1095.0,2
1243848,2014-12-01,1,GROCERY I,2683.0,7
1245630,2014-12-02,1,GROCERY I,2392.0,10
1247412,2014-12-03,1,GROCERY I,2955.0,9
1249194,2014-12-04,1,GROCERY I,2845.0,4
1250976,2014-12-05,1,GROCERY I,2228.0,7
1252758,2014-12-06,1,GROCERY I,1936.0,7
1254540,2014-12-07,1,GROCERY I,1102.0,8
1256322,2014-12-08,1,GROCERY I,2599.0,2
1258104,2014-12-09,1,GROCERY I,3092.0,7
1259886,2014-12-10,1,GROCERY I,4481.0,7
1261668,2014-12-11,1,GROCERY I,2739.0,9
1263450,2014-12-12,1,GROCERY I,2507.0,3
1265232,2014-12-13,1,GROCERY I,2560.0,9
1267014,2014-12-14,1,GROCERY I,1282.0,13
1268796,2014-12-15,1,GROCERY I,3075.0,3
1270578,2014-12-16,1,GROCERY I,3404.0,6
1272360,2014-12-17,1,GROCERY I,3498.0,4
1274142,2014-12-18,1,GROCERY I,3428.0,7
1275924,2014-12-19,1,GROCERY I,3130.0,5
1277706,2014-12-20,1,GROCERY I,3201.0,3
1279488,2014-12-21,1,GROCERY I,1803.0,10
1281270,2014-12-22,1,GROCERY I,3305.0,7
1283052,2014-12-23,1,GROCERY I,3231.0,14
1284834,2014-12-24,1,GROCERY I,2958.0,6
1286616,2014-12-26,1,GROCERY I,2450.0,11
1288398,2014-12-27,1,GROCERY I,1310.0,14
1290180,2014-12-28,1,GROCERY I,568.0,3
1291962,2014-12-29,1,GROCERY I,1877.0,14
1293744,2014-12-30,1,GROCERY I,2386.0,6
1295526,2014-12-31,1,GROCERY I,2068.0,10
1297308,2015-01-01,1,GROCERY I,0.0,0
1299090,2015-01-02,1,GROCERY I,1418.0,9
1300872,2015-01-03,1,GROCERY I,1869.0,9
1302654,2015-01-04,1,GROCERY I,1020.0,19
1304436,2015-01-05,1,GROCERY I,2914.0,16
1306218,2015-01-06,1,GROCERY I,2233.0,12
1308000,2015-01-07,1,GROCERY I,2912.0,14
1309782,2015-01-08,1,GROCERY I,2178.0,3
1311564,2015-01-09,1,GROCERY I,2244.0,5
1313346,2015-01-10,1,GROCERY I,2475.0,2
1315128,2015-01-11,1,GROCERY I,1042.0,0
1316910,2015-01-12,1,GROCERY I,2330.0,10
1318692,2015-01-13,1,GROCERY I,2338.0,5
1320474,2015-01-14,1,GROCERY I,2530.0,15
1322256,2015-01-15,1,GROCERY I,1726.0,0
1324038,2015-01-16,1,GROCERY I,2209.0,2
1325820,2015-01-17,1,GROCERY I,2324.0,1
1327602,2015-01-18,1,GROCERY I,1005.0,0
1329384,2015-01-19,1,GROCERY I,2554.0,3
1331166,2015-01-20,1,GROCERY I,2104.0,1
1332948,2015-01-21,1,GROCERY I,2557.0,1
1334730,2015-01-22,1,GROCERY I,2297.0,0
1336512,2015-01-23,1,GROCERY I,2158.0,2
1338294,2015-01-24,1,GROCERY I,2191.0,0
1340076,2015-01-25,1,GROCERY I,876.0,0
1341858,2015-01-26,1,GROCERY I,2208.0,1
1343640,2015-01-27,1,GROCERY I,2142.0,1
1345422,2015-01-28,1,GROCERY I,2531.0,0
1347204,2015-01-29,1,GROCERY I,2324.0,5
1348986,2015-01-30,1,GROCERY I,3186.0,5
1350768,2015-01-31,1,GROCERY I,2343.0,3
1352550,2015-02-01,1,GROCERY I,1140.0,4
1354332,2015-02-02,1,GROCERY I,3009.0,7
1356114,2015-02-03,1,GROCERY I,2487.0,6
1357896,2015-02-04,1,GROCERY I,2657.0,6
1359678,2015-02-05,1,GROCERY I,1923.0,3
1361460,2015-02-06,1,GROCERY I,2392.0,14
1363242,2015-02-07,1,GROCERY I,2266.0,4
1365024,2015-02-08,1,GROCERY I,1049.0,0
1366806,2015-02-09,1,GROCERY I,2328.0,3
1368588,2015-02-10,1,GROCERY I,2382.0,3
1370370,2015-02-11,1,GROCERY I,2447.0,4
1372152,2015-02-12,1,GROCERY I,2193.0,3
1373934,2015-02-13,1,GROCERY I,2353.0,3
1375716,2015-02-14,1,GROCERY I,1642.0,1
1377498,2015-02-15,1,GROCERY I,670.0,2
1379280,2015-02-16,1,GROCERY I,616.0,1
1381062,2015-02-17,1,GROCERY I,597.0,4
1382844,2015-02-18,1,GROCERY I,2491.0,4
1384626,2015-02-19,1,GROCERY I,1815.0,1
1386408,2015-02-20,1,GROCERY I,2563.0,5
1388190,2015-02-21,1,GROCERY I,2467.0,3
1389972,2015-02-22,1,GROCERY I,1076.0,0
1391754,2015-02-23,1,GROCERY I,2387.0,4
1393536,2015-02-24,1,GROCERY I,2110.0,3
1395318,2015-02-25,1,GROCERY I,2347.0,6
1397100,2015-02-26,1,GROCERY I,1847.0,5
1398882,2015-02-27,1,GROCERY I,2667.0,4
1400664,2015-02-28,1,GROCERY I,2294.0,5
1402446,2015-03-01,1,GROCERY I,1141.0,7
1404228,2015-03-02,1,GROCERY I,2328.0,3
1406010,2015-03-03,1,GROCERY I,2404.0,6
1407792,2015-03-04,1,GROCERY I,2486.0,5
1409574,2015-03-05,1,GROCERY I,2092.0,7
1411356,2015-03-06,1,GROCERY I,2235.0,6
1413138,2015-03-07,1,GROCERY I,2707.0,6
1414920,2015-03-08,1,GROCERY I,981.0,5
1416702,2015-03-09,1,GROCERY I,3118.0,9
1418484,2015-03-10,1,GROCERY I,2418.0,7
1420266,2015-03-11,1,GROCERY I,2679.0,5
1422048,2015-03-12,1,GROCERY I,1779.0,7
1423830,2015-03-13,1,GROCERY I,2605.0,9
1425612,2015-03-14,1,GROCERY I,2660.0,9
1427394,2015-03-15,1,GROCERY I,1096.0,8
1429176,2015-03-16,1,GROCERY I,2328.0,6
1430958,2015-03-17,1,GROCERY I,2207.0,6
1432740,2015-03-18,1,GROCERY I,2369.0,8
1434522,2015-03-19,1,GROCERY I,2264.0,12
1436304,2015-03-20,1,GROCERY I,2978.0,7
1438086,2015-03-21,1,GROCERY I,2563.0,9
1439868,2015-03-22,1,GROCERY I,1076.0,7
1441650,2015-03-23,1,GROCERY I,2349.0,8
1443432,2015-03-24,1,GROCERY I,2500.0,14
1445214,2015-03-25,1,GROCERY I,2481.0,9
1446996,2015-03-26,1,GROCERY I,1951.0,4
1448778,2015-03-27,1,GROCERY I,2300.0,5
1450560,2015-03-28,1,GROCERY I,2270.0,5
1452342,2015-03-29,1,GROCERY I,952.0,7
1454124,2015-03-30,1,GROCERY I,2163.0,7
1455906,2015-03-31,1,GROCERY I,2436.0,8
1457688,2015-04-01,1,GROCERY I,3048.0,12
1459470,2015-04-02,1,GROCERY I,2558.0,5
1461252,2015-04-03,1,GROCERY I,766.0,3
1463034,2015-04-04,1,GROCERY I,1879.0,5
1464816,2015-04-05,1,GROCERY I,881.0,3
1466598,2015-04-06,1,GROCERY I,2604.0,4
1468380,2015-04-07,1,GROCERY I,2319.0,5
1470162,2015-04-08,1,GROCERY I,2734.0,5
1471944,2015-04-09,1,GROCERY I,1968.0,4
1473726,2015-04-10,1,GROCERY I,2448.0,4
1475508,2015-04-11,1,GROCERY I,2315.0,3
1477290,2015-04-12,1,GROCERY I,947.0,4
1479072,2015-04-13,1,GROCERY I,2298.0,5
1480854,2015-04-14,1,GROCERY I,2032.0,5
1482636,2015-04-15,1,GROCERY I,2325.0,4
1484418,2015-04-16,1,GROCERY I,2142.0,3
1486200,2015-04-17,1,GROCERY I,2263.0,7
1487982,2015-04-18,1,GROCERY I,2606.0,8
1489764,2015-04-19,1,GROCERY I,1267.0,6
1491546,2015-04-20,1,GROCERY I,2473.0,6
1493328,2015-04-21,1,GROCERY I,2924.0,8
1495110,2015-04-22,1,GROCERY I,4343.0,7
1496892,2015-04-23,1,GROCERY I,2194.0,11
1498674,2015-04-24,1,GROCERY I,2353.0,15
1500456,2015-04-25,1,GROCERY I,2200.0,13
1502238,2015-04-26,1,GROCERY I,1047.0,17
1504020,2015-04-27,1,GROCERY I,2381.0,11
1505802,2015-04-28,1,GROCERY I,1918.0,14
1507584,2015-04-29,1,GROCERY I,2115.0,13
1509366,2015-04-30,1,GROCERY I,2233.0,17
1511148,2015-05-01,1,GROCERY I,800.0,7
1512930,2015-05-02,1,GROCERY I,2562.0,9
1514712,2015-05-03,1,GROCERY I,981.0,9
1516494,2015-05-04,1,GROCERY I,2620.0,10
1518276,2015-05-05,1,GROCERY I,2468.0,13
1520058,2015-05-06,1,GROCERY I,2831.0,20
1521840,2015-05-07,1,GROCERY I,2380.0,7
1523622,2015-05-08,1,GROCERY I,2795.0,9
1525404,2015-05-09,1,GROCERY I,2729.0,7
1527186,2015-05-10,1,GROCERY I,717.0,5
1528968,2015-05-11,1,GROCERY I,2381.0,15
1530750,2015-05-12,1,GROCERY I,2436.0,8
1532532,2015-05-13,1,GROCERY I,2407.0,10
1534314,2015-05-14,1,GROCERY I,1895.0,7
1536096,2015-05-15,1,GROCERY I,2121.0,3
1537878,2015-05-16,1,GROCERY I,2327.0,13
1539660,2015-05-17,1,GROCERY I,961.0,3
1541442,2015-05-18,1,GROCERY I,2178.0,4
1543224,2015-05-19,1,GROCERY I,2449.0,3
1545006,2015-05-20,1,GROCERY I,2866.0,7
1546788,2015-05-21,1,GROCERY I,2305.0,6
1548570,2015-05-22,1,GROCERY I,2328.0,2
1550352,2015-05-23,1,GROCERY I,2234.0,7
1552134,2015-05-24,1,GROCERY I,1114.0,10
1553916,2015-05-25,1,GROCERY I,2295.0,6
1555698,2015-05-26,1,GROCERY I,2317.0,2
1557480,2015-05-27,1,GROCERY I,2644.0,16
1559262,2015-05-28,1,GROCERY I,2195.0,3
1561044,2015-05-29,1,GROCERY I,2234.0,7
1562826,2015-05-30,1,GROCERY I,2436.0,5
1564608,2015-05-31,1,GROCERY I,1093.0,8
1566390,2015-06-01,1,GROCERY I,2497.0,7
1568172,2015-06-02,1,GROCERY I,2554.0,4
1569954,2015-06-03,1,GROCERY I,3614.0,7
1571736,2015-06-04,1,GROCERY I,2134.0,6
1573518,2015-06-05,1,GROCERY I,2747.0,6
1575300,2015-06-06,1,GROCERY I,2377.0,8
1577082,2015-06-07,1,GROCERY I,832.0,7
1578864,2015-06-08,1,GROCERY I,2476.0,3
1580646,2015-06-09,1,GROCERY I,2166.0,3
1582428,2015-06-10,1,GROCERY I,2718.0,7
1584210,2015-06-11,1,GROCERY I,2073.0,5
1585992,2015-06-12,1,GROCERY I,2315.0,8
1587774,2015-06-13,1,GROCERY I,2341.0,16
1589556,2015-06-14,1,GROCERY I,1120.0,2
1591338,2015-06-15,1,GROCERY I,2428.0,9
1593120,2015-06-16,1,GROCERY I,2531.0,10
1594902,2015-06-17,1,GROCERY I,2803.0,12
1596684,2015-06-18,1,GROCERY I,1900.0,14
1598466,2015-06-19,1,GROCERY I,2377.0,10
1600248,2015-06-20,1,GROCERY I,2537.0,13
1602030,2015-06-21,1,GROCERY I,856.0,13
1603812,2015-06-22,1,GROCERY I,2451.0,7
1605594,2015-06-23,1,GROCERY I,2316.0,10
1607376,2015-06-24,1,GROCERY I,2284.0,18
1609158,2015-06-25,1,GROCERY I,2040.0,7
1610940,2015-06-26,1,GROCERY I,2216.0,8
1612722,2015-06-27,1,GROCERY I,2147.0,7
1614504,2015-06-28,1,GROCERY I,1169.0,2
1616286,2015-06-29,1,GROCERY I,2331.0,2
1618068,2015-06-30,1,GROCERY I,2409.0,4
1619850,2015-07-01,1,GROCERY I,2822.0,4
1621632,2015-07-02,1,GROCERY I,2582.0,4
1623414,2015-07-03,1,GROCERY I,3016.0,6
1625196,2015-07-04,1,GROCERY I,2365.0,6
1626978,2015-07-05,1,GROCERY I,851.0,9
1628760,2015-07-06,1,GROCERY I,1607.0,4
1630542,2015-07-07,1,GROCERY I,0.0,0
1632324,2015-07-08,1,GROCERY I,2918.0,6
1634106,2015-07-09,1,GROCERY I,2600.0,8
1635888,2015-07-10,1,GROCERY I,2649.0,7
1637670,2015-07-11,1,GROCERY I,2400.0,7
1639452,2015-07-12,1,GROCERY I,915.0,6
1641234,2015-07-13,1,GROCERY I,2425.0,8
1643016,2015-07-14,1,GROCERY I,2539.0,11
1644798,2015-07-15,1,GROCERY I,2796.0,10
1646580,2015-07-16,1,GROCERY I,2193.0,7
1648362,2015-07-17,1,GROCERY I,3100.0,8
1650144,2015-07-18,1,GROCERY I,1883.0,7
1651926,2015-07-19,1,GROCERY I,869.0,3
1653708,2015-07-20,1,GROCERY I,2534.0,12
1655490,2015-07-21,1,GROCERY I,2073.0,10
1657272,2015-07-22,1,GROCERY I,2370.0,17
1659054,2015-07-23,1,GROCERY I,2117.0,13
1660836,2015-07-24,1,GROCERY I,2316.0,11
1662618,2015-07-25,1,GROCERY I,2066.0,7
1664400,2015-07-26,1,GROCERY I,864.0,8
1666182,2015-07-27,1,GROCERY I,2387.0,12
1667964,2015-07-28,1,GROCERY I,2280.0,15
1669746,2015-07-29,1,GROCERY I,2397.0,12
1671528,2015-07-30,1,GROCERY I,1983.0,11
1673310,2015-07-31,1,GROCERY I,2432.0,15
1675092,2015-08-01,1,GROCERY I,2339.0,6
1676874,2015-08-02,1,GROCERY I,942.0,11
1678656,2015-08-03,1,GROCERY I,2667.0,11
1680438,2015-08-04,1,GROCERY I,3100.0,6
1682220,2015-08-05,1,GROCERY I,2876.0,7
1684002,2015-08-06,1,GROCERY I,2219.0,5
1685784,2015-08-07,1,GROCERY I,2325.0,7
1687566,2015-08-08,1,GROCERY I,1651.0,7
1689348,2015-08-09,1,GROCERY I,615.0,6
1691130,2015-08-10,1,GROCERY I,659.0,3
1692912,2015-08-11,1,GROCERY I,2537.0,14
1694694,2015-08-12,1,GROCERY I,2579.0,7
1696476,2015-08-13,1,GROCERY I,1875.0,12
1698258,2015-08-14,1,GROCERY I,3570.0,10
1700040,2015-08-15,1,GROCERY I,3090.0,10
1701822,2015-08-16,1,GROCERY I,907.0,3
1703604,2015-08-17,1,GROCERY I,2375.0,7
1705386,2015-08-18,1,GROCERY I,2178.0,5
1707168,2015-08-19,1,GROCERY I,2421.0,8
1708950,2015-08-20,1,GROCERY I,2171.0,10
1710732,2015-08-21,1,GROCERY I,2248.0,10
1712514,2015-08-22,1,GROCERY I,2251.0,13
1714296,2015-08-23,1,GROCERY I,774.0,8
1716078,2015-08-24,1,GROCERY I,2244.0,6
1717860,2015-08-25,1,GROCERY I,2233.0,9
1719642,2015-08-26,1,GROCERY I,2643.0,13
1721424,2015-08-27,1,GROCERY I,2067.0,6
1723206,2015-08-28,1,GROCERY I,2313.0,11
1724988,2015-08-29,1,GROCERY I,2418.0,10
1726770,2015-08-30,1,GROCERY I,869.0,5
1728552,2015-08-31,1,GROCERY I,2454.0,7
1730334,2015-09-01,1,GROCERY I,2517.0,9
1732116,2015-09-02,1,GROCERY I,3066.0,8
1733898,2015-09-03,1,GROCERY I,2571.0,2
1735680,2015-09-04,1,GROCERY I,2840.0,6
1737462,2015-09-05,1,GROCERY I,2430.0,9
1739244,2015-09-06,1,GROCERY I,1067.0,1
1741026,2015-09-07,1,GROCERY I,2477.0,6
1742808,2015-09-08,1,GROCERY I,2406.0,7
1744590,2015-09-09,1,GROCERY I,2627.0,4
1746372,2015-09-10,1,GROCERY I,2047.0,8
1748154,2015-09-11,1,GROCERY I,2263.0,10
1749936,2015-09-12,1,GROCERY I,2443.0,2
1751718,2015-09-13,1,GROCERY I,969.0,2
1753500,2015-09-14,1,GROCERY I,2349.0,5
1755282,2015-09-15,1,GROCERY I,2305.0,4
1757064,2015-09-16,1,GROCERY I,2644.0,8
1758846,2015-09-17,1,GROCERY I,2140.0,5
1760628,2015-09-18,1,GROCERY I,2537.0,5
1762410,2015-09-19,1,GROCERY I,2360.0,6
1764192,2015-09-20,1,GROCERY I,997.0,2
1765974,2015-09-21,1,GROCERY I,2311.0,2
1767756,2015-09-22,1,GROCERY I,2378.0,4
1769538,2015-09-23,1,GROCERY I,2412.0,6
1771320,2015-09-24,1,GROCERY I,2129.0,4
1773102,2015-09-25,1,GROCERY I,2456.0,6
1774884,2015-09-26,1,GROCERY I,2495.0,11
1776666,2015-09-27,1,GROCERY I,1159.0,4
1778448,2015-09-28,1,GROCERY I,2189.0,6
1780230,2015-09-29,1,GROCERY I,2271.0,10
1782012,2015-09-30,1,GROCERY I,3529.0,8
1783794,2015-10-01,1,GROCERY I,2715.0,13
1785576,2015-10-02,1,GROCERY I,2848.0,8
1787358,2015-10-03,1,GROCERY I,3093.0,8
1789140,2015-10-04,1,GROCERY I,1300.0,4
1790922,2015-10-05,1,GROCERY I,3839.0,13
1792704,2015-10-06,1,GROCERY I,2626.0,10
1794486,2015-10-07,1,GROCERY I,2700.0,10
1796268,2015-10-08,1,GROCERY I,2564.0,10
1798050,2015-10-09,1,GROCERY I,1084.0,4
1799832,2015-10-10,1,GROCERY I,2052.0,6
1801614,2015-10-11,1,GROCERY I,995.0,9
1803396,2015-10-12,1,GROCERY I,2522.0,10
1805178,2015-10-13,1,GROCERY I,2312.0,9
1806960,2015-10-14,1,GROCERY I,2755.0,9
1808742,2015-10-15,1,GROCERY I,2238.0,3
1810524,2015-10-16,1,GROCERY I,3068.0,6
1812306,2015-10-17,1,GROCERY I,2909.0,5
1814088,2015-10-18,1,GROCERY I,1454.0,4
1815870,2015-10-19,1,GROCERY I,2755.0,6
1817652,2015-10-20,1,GROCERY I,2481.0,3
1819434,2015-10-21,1,GROCERY I,2464.0,3
1821216,2015-10-22,1,GROCERY I,2154.0,4
1822998,2015-10-23,1,GROCERY I,2785.0,5
1824780,2015-10-24,1,GROCERY I,2296.0,3
1826562,2015-10-25,1,GROCERY I,1183.0,1
1828344,2015-10-26,1,GROCERY I,2323.0,3
1830126,2015-10-27,1,GROCERY I,2331.0,4
1831908,2015-10-28,1,GROCERY I,3331.0,6
1833690,2015-10-29,1,GROCERY I,2206.0,12
1835472,2015-10-30,1,GROCERY I,2400.0,13
1837254,2015-10-31,1,GROCERY I,2086.0,8
1839036,2015-11-01,1,GROCERY I,668.0,2
1840818,2015-11-02,1,GROCERY I,665.0,3
1842600,2015-11-03,1,GROCERY I,1069.0,4
1844382,2015-11-04,1,GROCERY I,3839.0,9
1846164,2015-11-05,1,GROCERY I,2528.0,14
1847946,2015-11-06,1,GROCERY I,2710.0,24
1849728,2015-11-07,1,GROCERY I,2637.0,13
1851510,2015-11-08,1,GROCERY I,1313.0,7
1853292,2015-11-09,1,GROCERY I,2493.0,15
1855074,2015-11-10,1,GROCERY I,2287.0,8
1856856,2015-11-11,1,GROCERY I,2643.0,13
1858638,2015-11-12,1,GROCERY I,2374.0,19
1860420,2015-11-13,1,GROCERY I,2452.0,15
1862202,2015-11-14,1,GROCERY I,2481.0,10
1863984,2015-11-15,1,GROCERY I,1236.0,22
1865766,2015-11-16,1,GROCERY I,2635.0,17
1867548,2015-11-17,1,GROCERY I,2431.0,13
1869330,2015-11-18,1,GROCERY I,2511.0,32
1871112,2015-11-19,1,GROCERY I,2420.0,27
1872894,2015-11-20,1,GROCERY I,2735.0,22
1874676,2015-11-21,1,GROCERY I,2515.0,17
1876458,2015-11-22,1,GROCERY I,1254.0,13
1878240,2015-11-23,1,GROCERY I,2817.0,17
1880022,2015-11-24,1,GROCERY I,2571.0,18
1881804,2015-11-25,1,GROCERY I,2604.0,17
1883586,2015-11-26,1,GROCERY I,2350.0,13
1885368,2015-11-27,1,GROCERY I,2453.0,18
1887150,2015-11-28,1,GROCERY I,2355.0,6
1888932,2015-11-29,1,GROCERY I,992.0,8
1890714,2015-11-30,1,GROCERY I,3066.0,15
1892496,2015-12-01,1,GROCERY I,3569.0,31
1894278,2015-12-02,1,GROCERY I,2968.0,24
1896060,2015-12-03,1,GROCERY I,2825.0,13
1897842,2015-12-04,1,GROCERY I,3268.0,19
1899624,2015-12-05,1,GROCERY I,2519.0,11
1901406,2015-12-06,1,GROCERY I,1189.0,14
1903188,2015-12-07,1,GROCERY I,3521.0,17
1904970,2015-12-08,1,GROCERY I,2732.0,12
1906752,2015-12-09,1,GROCERY I,3588.0,21
1908534,2015-12-10,1,GROCERY I,3693.0,5
1910316,2015-12-11,1,GROCERY I,2751.0,9
1912098,2015-12-12,1,GROCERY I,2393.0,26
1913880,2015-12-13,1,GROCERY I,1229.0,7
1915662,2015-12-14,1,GROCERY I,3129.0,10
1917444,2015-12-15,1,GROCERY I,3178.0,8
1919226,2015-12-16,1,GROCERY I,3698.0,13
1921008,2015-12-17,1,GROCERY I,3796.0,14
1922790,2015-12-18,1,GROCERY I,4116.0,11
1924572,2015-12-19,1,GROCERY I,3368.0,4
1926354,2015-12-20,1,GROCERY I,1673.0,20
1928136,2015-12-21,1,GROCERY I,3894.0,5
1929918,2015-12-22,1,GROCERY I,3906.0,9
1931700,2015-12-23,1,GROCERY I,4146.0,5
1933482,2015-12-24,1,GROCERY I,3126.0,6
1935264,2015-12-26,1,GROCERY I,1620.0,16
1937046,2015-12-27,1,GROCERY I,677.0,8
1938828,2015-12-28,1,GROCERY I,1989.0,1
1940610,2015-12-29,1,GROCERY I,1992.0,2
1942392,2015-12-30,1,GROCERY I,2949.0,8
1944174,2015-12-31,1,GROCERY I,2042.0,4
1945956,2016-01-01,1,GROCERY I,0.0,0
1947738,2016-01-02,1,GROCERY I,2047.0,22
1949520,2016-01-03,1,GROCERY I,1069.0,7
1951302,2016-01-04,1,GROCERY I,3190.0,5
1953084,2016-01-05,1,GROCERY I,2627.0,12
1954866,2016-01-06,1,GROCERY I,3330.0,5
1956648,2016-01-07,1,GROCERY I,2500.0,2
1958430,2016-01-08,1,GROCERY I,2985.0,4
1960212,2016-01-09,1,GROCERY I,2427.0,6
1961994,2016-01-10,1,GROCERY I,1061.0,16
1963776,2016-01-11,1,GROCERY I,2474.0,3
1965558,2016-01-12,1,GROCERY I,3035.0,11
1967340,2016-01-13,1,GROCERY I,2617.0,16
1969122,2016-01-14,1,GROCERY I,2403.0,15
1970904,2016-01-15,1,GROCERY I,2291.0,4
1972686,2016-01-16,1,GROCERY I,2599.0,8
1974468,2016-01-17,1,GROCERY I,1291.0,12
1976250,2016-01-18,1,GROCERY I,2659.0,10
1978032,2016-01-19,1,GROCERY I,2294.0,17
1979814,2016-01-20,1,GROCERY I,2720.0,23
1981596,2016-01-21,1,GROCERY I,2053.0,0
1983378,2016-01-22,1,GROCERY I,2780.0,1
1985160,2016-01-23,1,GROCERY I,2390.0,2
1986942,2016-01-24,1,GROCERY I,950.0,2
1988724,2016-01-25,1,GROCERY I,2601.0,2
1990506,2016-01-26,1,GROCERY I,2289.0,0
1992288,2016-01-27,1,GROCERY I,2689.0,1
1994070,2016-01-28,1,GROCERY I,2110.0,32
1995852,2016-01-29,1,GROCERY I,2490.0,39
1997634,2016-01-30,1,GROCERY I,2489.0,38
1999416,2016-01-31,1,GROCERY I,1101.0,30
2001198,2016-02-01,1,GROCERY I,2731.0,39
2002980,2016-02-02,1,GROCERY I,2665.0,38
2004762,2016-02-03,1,GROCERY I,3591.0,39
2006544,2016-02-04,1,GROCERY I,2432.0,60
2008326,2016-02-05,1,GROCERY I,2632.0,61
2010108,2016-02-06,1,GROCERY I,2342.0,69
2011890,2016-02-07,1,GROCERY I,631.0,35
2013672,2016-02-08,1,GROCERY I,703.0,26
2015454,2016-02-09,1,GROCERY I,956.0,40
2017236,2016-02-10,1,GROCERY I,2778.0,58
2019018,2016-02-11,1,GROCERY I,2452.0,59
2020800,2016-02-12,1,GROCERY I,2790.0,59
2022582,2016-02-13,1,GROCERY I,2557.0,61
2024364,2016-02-14,1,GROCERY I,1117.0,48
2026146,2016-02-15,1,GROCERY I,2566.0,62
2027928,2016-02-16,1,GROCERY I,3345.0,24
2029710,2016-02-17,1,GROCERY I,2891.0,23
2031492,2016-02-18,1,GROCERY I,2394.0,31
2033274,2016-02-19,1,GROCERY I,2860.0,29
2035056,2016-02-20,1,GROCERY I,2747.0,31
2036838,2016-02-21,1,GROCERY I,1200.0,17
2038620,2016-02-22,1,GROCERY I,2453.0,20
2040402,2016-02-23,1,GROCERY I,2451.0,18
2042184,2016-02-24,1,GROCERY I,2807.0,35
2043966,2016-02-25,1,GROCERY I,2084.0,4
2045748,2016-02-26,1,GROCERY I,2563.0,11
2047530,2016-02-27,1,GROCERY I,2500.0,12
2049312,2016-02-28,1,GROCERY I,903.0,7
2051094,2016-02-29,1,GROCERY I,2448.0,13
2052876,2016-03-01,1,GROCERY I,2808.0,13
2054658,2016-03-02,1,GROCERY I,3137.0,19
2056440,2016-03-03,1,GROCERY I,2303.0,15
2058222,2016-03-04,1,GROCERY I,3587.0,15
2060004,2016-03-05,1,GROCERY I,2878.0,19
2061786,2016-03-06,1,GROCERY I,1365.0,12
2063568,2016-03-07,1,GROCERY I,2596.0,15
2065350,2016-03-08,1,GROCERY I,2531.0,0
2067132,2016-03-09,1,GROCERY I,2750.0,19
2068914,2016-03-10,1,GROCERY I,2196.0,13
2070696,2016-03-11,1,GROCERY I,2714.0,19
2072478,2016-03-12,1,GROCERY I,2678.0,18
2074260,2016-03-13,1,GROCERY I,1134.0,12
2076042,2016-03-14,1,GROCERY I,2266.0,18
2077824,2016-03-15,1,GROCERY I,2986.0,19
2079606,2016-03-16,1,GROCERY I,3039.0,19
2081388,2016-03-17,1,GROCERY I,2427.0,44
2083170,2016-03-18,1,GROCERY I,2478.0,24
2084952,2016-03-19,1,GROCERY I,2514.0,24
2086734,2016-03-20,1,GROCERY I,1313.0,16
2088516,2016-03-21,1,GROCERY I,2456.0,29
2090298,2016-03-22,1,GROCERY I,2356.0,23
2092080,2016-03-23,1,GROCERY I,2774.0,28
2093862,2016-03-24,1,GROCERY I,2941.0,31
2095644,2016-03-25,1,GROCERY I,824.0,19
2097426,2016-03-26,1,GROCERY I,1748.0,27
2099208,2016-03-27,1,GROCERY I,977.0,19
2100990,2016-03-28,1,GROCERY I,2309.0,28
2102772,2016-03-29,1,GROCERY I,2698.0,27
2104554,2016-03-30,1,GROCERY I,2632.0,24
2106336,2016-03-31,1,GROCERY I,2407.0,24
2108118,2016-04-01,1,GROCERY I,3554.0,27
2109900,2016-04-02,1,GROCERY I,3028.0,23
2111682,2016-04-03,1,GROCERY I,1319.0,18
2113464,2016-04-04,1,GROCERY I,2792.0,26
2115246,2016-04-05,1,GROCERY I,2657.0,20
2117028,2016-04-06,1,GROCERY I,2784.0,28
2118810,2016-04-07,1,GROCERY I,2625.0,49
2120592,2016-04-08,1,GROCERY I,2486.0,67
2122374,2016-04-09,1,GROCERY I,2523.0,51
2124156,2016-04-10,1,GROCERY I,1179.0,31
2125938,2016-04-11,1,GROCERY I,2578.0,54
2127720,2016-04-12,1,GROCERY I,2406.0,54
2129502,2016-04-13,1,GROCERY I,2821.0,76
2131284,2016-04-14,1,GROCERY I,2236.0,13
2133066,2016-04-15,1,GROCERY I,2621.0,16
2134848,2016-04-16,1,GROCERY I,2439.0,22
2136630,2016-04-17,1,GROCERY I,2649.0,18
2138412,2016-04-18,1,GROCERY I,9065.0,18
2140194,2016-04-19,1,GROCERY I,8221.0,19
2141976,2016-04-20,1,GROCERY I,5438.0,28
2143758,2016-04-21,1,GROCERY I,4768.0,39
2145540,2016-04-22,1,GROCERY I,4871.0,26
2147322,2016-04-23,1,GROCERY I,3039.0,27
2149104,2016-04-24,1,GROCERY I,1554.0,34
2150886,2016-04-25,1,GROCERY I,2528.0,30
2152668,2016-04-26,1,GROCERY I,2535.0,33
2154450,2016-04-27,1,GROCERY I,2779.0,45
2156232,2016-04-28,1,GROCERY I,2989.0,63
2158014,2016-04-29,1,GROCERY I,2786.0,57
2159796,2016-04-30,1,GROCERY I,2920.0,69
2161578,2016-05-01,1,GROCERY I,1470.0,44
2163360,2016-05-02,1,GROCERY I,2870.0,41
2165142,2016-05-03,1,GROCERY I,2628.0,53
2166924,2016-05-04,1,GROCERY I,3279.0,63
2168706,2016-05-05,1,GROCERY I,2977.0,59
2170488,2016-05-06,1,GROCERY I,2994.0,52
2172270,2016-05-07,1,GROCERY I,3156.0,54
2174052,2016-05-08,1,GROCERY I,852.0,36
2175834,2016-05-09,1,GROCERY I,2969.0,54
2177616,2016-05-10,1,GROCERY I,2279.0,50
2179398,2016-05-11,1,GROCERY I,2897.0,34
2181180,2016-05-12,1,GROCERY I,2423.0,34
2182962,2016-05-13,1,GROCERY I,2783.0,29
2184744,2016-05-14,1,GROCERY I,2713.0,26
2186526,2016-05-15,1,GROCERY I,1183.0,16
2188308,2016-05-16,1,GROCERY I,2893.0,27
2190090,2016-05-17,1,GROCERY I,3123.0,30
2191872,2016-05-18,1,GROCERY I,2898.0,35
2193654,2016-05-19,1,GROCERY I,2249.0,31
2195436,2016-05-20,1,GROCERY I,2523.0,43
2197218,2016-05-21,1,GROCERY I,2700.0,28
2199000,2016-05-22,1,GROCERY I,1221.0,17
2200782,2016-05-23,1,GROCERY I,2415.0,33
2202564,2016-05-24,1,GROCERY I,2293.0,26
2204346,2016-05-25,1,GROCERY I,2501.0,34
2206128,2016-05-26,1,GROCERY I,2592.0,59
2207910,2016-05-27,1,GROCERY I,1153.0,42
2209692,2016-05-28,1,GROCERY I,1895.0,49
2211474,2016-05-29,1,GROCERY I,1008.0,29
2213256,2016-05-30,1,GROCERY I,2756.0,59
2215038,2016-05-31,1,GROCERY I,3496.0,77
2216820,2016-06-01,1,GROCERY I,3404.0,76
2218602,2016-06-02,1,GROCERY I,2469.0,65
2220384,2016-06-03,1,GROCERY I,3876.0,53
2222166,2016-06-04,1,GROCERY I,2799.0,53
2223948,2016-06-05,1,GROCERY I,1106.0,27
2225730,2016-06-06,1,GROCERY I,2821.0,51
2227512,2016-06-07,1,GROCERY I,2790.0,49
2229294,2016-06-08,1,GROCERY I,3208.0,55
2231076,2016-06-09,1,GROCERY I,2079.0,37
2232858,2016-06-10,1,GROCERY I,2900.0,67
2234640,2016-06-11,1,GROCERY I,2436.0,48
2236422,2016-06-12,1,GROCERY I,1184.0,30
2238204,2016-06-13,1,GROCERY I,2374.0,46
2239986,2016-06-14,1,GROCERY I,2301.0,41
2241768,2016-06-15,1,GROCERY I,3015.0,65
2243550,2016-06-16,1,GROCERY I,2370.0,46
2245332,2016-06-17,1,GROCERY I,2624.0,62
2247114,2016-06-18,1,GROCERY I,2823.0,51
2248896,2016-06-19,1,GROCERY I,1042.0,38
2250678,2016-06-20,1,GROCERY I,2598.0,49
2252460,2016-06-21,1,GROCERY I,2525.0,53
2254242,2016-06-22,1,GROCERY I,2685.0,67
2256024,2016-06-23,1,GROCERY I,2330.0,47
2257806,2016-06-24,1,GROCERY I,2550.0,53
2259588,2016-06-25,1,GROCERY I,2529.0,52
2261370,2016-06-26,1,GROCERY I,1216.0,40
2263152,2016-06-27,1,GROCERY I,2390.0,47
2264934,2016-06-28,1,GROCERY I,2987.0,42
2266716,2016-06-29,1,GROCERY I,2596.0,45
2268498,2016-06-30,1,GROCERY I,2155.0,49
2270280,2016-07-01,1,GROCERY I,3213.0,45
2272062,2016-07-02,1,GROCERY I,2795.0,38
2273844,2016-07-03,1,GROCERY I,1263.0,27
2275626,2016-07-04,1,GROCERY I,2946.0,48
2277408,2016-07-05,1,GROCERY I,2479.0,45
2279190,2016-07-06,1,GROCERY I,3117.0,68
2280972,2016-07-07,1,GROCERY I,2325.0,41
2282754,2016-07-08,1,GROCERY I,2807.0,38
2284536,2016-07-09,1,GROCERY I,2196.0,34
2286318,2016-07-10,1,GROCERY I,1044.0,28
2288100,2016-07-11,1,GROCERY I,2373.0,46
2289882,2016-07-12,1,GROCERY I,2254.0,41
2291664,2016-07-13,1,GROCERY I,2955.0,49
2293446,2016-07-14,1,GROCERY I,2379.0,39
2295228,2016-07-15,1,GROCERY I,3094.0,47
2297010,2016-07-16,1,GROCERY I,2712.0,46
2298792,2016-07-17,1,GROCERY I,1070.0,29
2300574,2016-07-18,1,GROCERY I,2540.0,35
2302356,2016-07-19,1,GROCERY I,2457.0,39
2304138,2016-07-20,1,GROCERY I,2843.0,52
2305920,2016-07-21,1,GROCERY I,2365.0,40
2307702,2016-07-22,1,GROCERY I,2755.0,41
2309484,2016-07-23,1,GROCERY I,2329.0,35
2311266,2016-07-24,1,GROCERY I,1150.0,28
2313048,2016-07-25,1,GROCERY I,2285.0,35
2314830,2016-07-26,1,GROCERY I,2428.0,38
2316612,2016-07-27,1,GROCERY I,2842.0,0
2318394,2016-07-28,1,GROCERY I,2275.0,37
2320176,2016-07-29,1,GROCERY I,2243.0,41
2321958,2016-07-30,1,GROCERY I,2697.0,46
2323740,2016-07-31,1,GROCERY I,1047.0,27
2325522,2016-08-01,1,GROCERY I,3121.0,35
2327304,2016-08-02,1,GROCERY I,2577.0,37
2329086,2016-08-03,1,GROCERY I,3139.0,32
2330868,2016-08-04,1,GROCERY I,2435.0,17
2332650,2016-08-05,1,GROCERY I,2845.0,24
2334432,2016-08-06,1,GROCERY I,2304.0,17
2336214,2016-08-07,1,GROCERY I,917.0,18
2337996,2016-08-08,1,GROCERY I,2684.0,20
2339778,2016-08-09,1,GROCERY I,2486.0,27
2341560,2016-08-10,1,GROCERY I,2374.0,22
2343342,2016-08-11,1,GROCERY I,2511.0,20
2345124,2016-08-12,1,GROCERY I,1055.0,17
2346906,2016-08-13,1,GROCERY I,1621.0,18
2348688,2016-08-14,1,GROCERY I,728.0,14
2350470,2016-08-15,1,GROCERY I,3181.0,24
2352252,2016-08-16,1,GROCERY I,2436.0,22
2354034,2016-08-17,1,GROCERY I,2422.0,24
2355816,2016-08-18,1,GROCERY I,2201.0,20
2357598,2016-08-19,1,GROCERY I,2538.0,23
2359380,2016-08-20,1,GROCERY I,2308.0,26
2361162,2016-08-21,1,GROCERY I,969.0,17
2362944,2016-08-22,1,GROCERY I,2360.0,21
2364726,2016-08-23,1,GROCERY I,2545.0,29
2366508,2016-08-24,1,GROCERY I,2886.0,32
2368290,2016-08-25,1,GROCERY I,1999.0,21
2370072,2016-08-26,1,GROCERY I,2419.0,31
2371854,2016-08-27,1,GROCERY I,2141.0,19
2373636,2016-08-28,1,GROCERY I,1045.0,20
2375418,2016-08-29,1,GROCERY I,2280.0,27
2377200,2016-08-30,1,GROCERY I,2337.0,28
2378982,2016-08-31,1,GROCERY I,2903.0,32
2380764,2016-09-01,1,GROCERY I,2935.0,22
2382546,2016-09-02,1,GROCERY I,2798.0,18
2384328,2016-09-03,1,GROCERY I,2534.0,21
2386110,2016-09-04,1,GROCERY I,1282.0,7
2387892,2016-09-05,1,GROCERY I,2432.0,16
2389674,2016-09-06,1,GROCERY I,2943.0,17
2391456,2016-09-07,1,GROCERY I,2646.0,26
2393238,2016-09-08,1,GROCERY I,2380.0,21
2395020,2016-09-09,1,GROCERY I,2604.0,25
2396802,2016-09-10,1,GROCERY I,2370.0,19
2398584,2016-09-11,1,GROCERY I,1059.0,11
2400366,2016-09-12,1,GROCERY I,2664.0,18
2402148,2016-09-13,1,GROCERY I,2623.0,0
2403930,2016-09-14,1,GROCERY I,2597.0,23
2405712,2016-09-15,1,GROCERY I,2290.0,28
2407494,2016-09-16,1,GROCERY I,2625.0,28
2409276,2016-09-17,1,GROCERY I,2645.0,27
2411058,2016-09-18,1,GROCERY I,1200.0,16
2412840,2016-09-19,1,GROCERY I,2558.0,25
2414622,2016-09-20,1,GROCERY I,2492.0,28
2416404,2016-09-21,1,GROCERY I,2753.0,25
2418186,2016-09-22,1,GROCERY I,2323.0,20
2419968,2016-09-23,1,GROCERY I,2391.0,28
2421750,2016-09-24,1,GROCERY I,2496.0,24
2423532,2016-09-25,1,GROCERY I,1030.0,14
2425314,2016-09-26,1,GROCERY I,2161.0,23
2427096,2016-09-27,1,GROCERY I,2255.0,25
2428878,2016-09-28,1,GROCERY I,2735.0,23
2430660,2016-09-29,1,GROCERY I,2131.0,24
2432442,2016-09-30,1,GROCERY I,2579.0,29
2434224,2016-10-01,1,GROCERY I,3369.0,25
2436006,2016-10-02,1,GROCERY I,1532.0,16
2437788,2016-10-03,1,GROCERY I,2982.0,26
2439570,2016-10-04,1,GROCERY I,2750.0,27
2441352,2016-10-05,1,GROCERY I,3834.0,35
2443134,2016-10-06,1,GROCERY I,2458.0,42
2444916,2016-10-07,1,GROCERY I,2592.0,45
2446698,2016-10-08,1,GROCERY I,2615.0,40
2448480,2016-10-09,1,GROCERY I,1361.0,37
2450262,2016-10-10,1,GROCERY I,2535.0,47
2452044,2016-10-11,1,GROCERY I,2390.0,44
2453826,2016-10-12,1,GROCERY I,2722.0,48
2455608,2016-10-13,1,GROCERY I,2093.0,41
2457390,2016-10-14,1,GROCERY I,2637.0,53
2459172,2016-10-15,1,GROCERY I,2562.0,44
2460954,2016-10-16,1,GROCERY I,1494.0,35
2462736,2016-10-17,1,GROCERY I,2605.0,47
2464518,2016-10-18,1,GROCERY I,2443.0,46
2466300,2016-10-19,1,GROCERY I,2788.0,51
2468082,2016-10-20,1,GROCERY I,2445.0,41
2469864,2016-10-21,1,GROCERY I,2438.0,47
2471646,2016-10-22,1,GROCERY I,2755.0,43
2473428,2016-10-23,1,GROCERY I,1360.0,29
2475210,2016-10-24,1,GROCERY I,2455.0,41
2476992,2016-10-25,1,GROCERY I,2783.0,37
2478774,2016-10-26,1,GROCERY I,2785.0,97
2480556,2016-10-27,1,GROCERY I,2633.0,69
2482338,2016-10-28,1,GROCERY I,2854.0,73
2484120,2016-10-29,1,GROCERY I,2652.0,75
2485902,2016-10-30,1,GROCERY I,1364.0,57
2487684,2016-10-31,1,GROCERY I,2332.0,72
2489466,2016-11-01,1,GROCERY I,4118.0,63
2491248,2016-11-02,1,GROCERY I,1074.0,59
2493030,2016-11-03,1,GROCERY I,888.0,48
2494812,2016-11-04,1,GROCERY I,1686.0,71
2496594,2016-11-05,1,GROCERY I,1860.0,63
2498376,2016-11-06,1,GROCERY I,1142.0,57
2500158,2016-11-07,1,GROCERY I,3004.0,71
2501940,2016-11-08,1,GROCERY I,2966.0,73
2503722,2016-11-09,1,GROCERY I,4669.0,94
2505504,2016-11-10,1,GROCERY I,2466.0,83
2507286,2016-11-11,1,GROCERY I,2660.0,83
2509068,2016-11-12,1,GROCERY I,2753.0,75
2510850,2016-11-13,1,GROCERY I,1353.0,62
2512632,2016-11-14,1,GROCERY I,3061.0,90
2514414,2016-11-15,1,GROCERY I,2802.0,69
2516196,2016-11-16,1,GROCERY I,2999.0,127
2517978,2016-11-17,1,GROCERY I,2545.0,90
2519760,2016-11-18,1,GROCERY I,2998.0,90
2521542,2016-11-19,1,GROCERY I,2850.0,92
2523324,2016-11-20,1,GROCERY I,1213.0,71
2525106,2016-11-21,1,GROCERY I,3097.0,92
2526888,2016-11-22,1,GROCERY I,2690.0,88
2528670,2016-11-23,1,GROCERY I,3054.0,103
2530452,2016-11-24,1,GROCERY I,2410.0,91
2532234,2016-11-25,1,GROCERY I,2652.0,90
2534016,2016-11-26,1,GROCERY I,2550.0,90
2535798,2016-11-27,1,GROCERY I,1210.0,78
2537580,2016-11-28,1,GROCERY I,3013.0,88
2539362,2016-11-29,1,GROCERY I,2584.0,85
2541144,2016-11-30,1,GROCERY I,3032.0,92
2542926,2016-12-01,1,GROCERY I,2663.0,108
2544708,2016-12-02,1,GROCERY I,4522.0,101
2546490,2016-12-03,1,GROCERY I,2767.0,91
2548272,2016-12-04,1,GROCERY I,1581.0,85
2550054,2016-12-05,1,GROCERY I,2852.0,93
2551836,2016-12-06,1,GROCERY I,1177.0,78
2553618,2016-12-07,1,GROCERY I,3695.0,167
2555400,2016-12-08,1,GROCERY I,3099.0,117
2557182,2016-12-09,1,GROCERY I,4320.0,114
2558964,2016-12-10,1,GROCERY I,2972.0,105
2560746,2016-12-11,1,GROCERY I,1417.0,92
2562528,2016-12-12,1,GROCERY I,2991.0,114
2564310,2016-12-13,1,GROCERY I,4624.0,108
2566092,2016-12-14,1,GROCERY I,4394.0,109
2567874,2016-12-15,1,GROCERY I,3410.0,109
2569656,2016-12-16,1,GROCERY I,3481.0,105
2571438,2016-12-17,1,GROCERY I,3451.0,113
2573220,2016-12-18,1,GROCERY I,2044.0,104
2575002,2016-12-19,1,GROCERY I,3872.0,118
2576784,2016-12-20,1,GROCERY I,4080.0,123
2578566,2016-12-21,1,GROCERY I,5162.0,116
2580348,2016-12-22,1,GROCERY I,5055.0,116
2582130,2016-12-23,1,GROCERY I,5386.0,125
2583912,2016-12-24,1,GROCERY I,3609.0,103
2585694,2016-12-26,1,GROCERY I,904.0,80
2587476,2016-12-27,1,GROCERY I,3156.0,101
2589258,2016-12-28,1,GROCERY I,2761.0,105
2591040,2016-12-29,1,GROCERY I,2573.0,101
2592822,2016-12-30,1,GROCERY I,3292.0,103
2594604,2016-12-31,1,GROCERY I,2768.0,107
2596386,2017-01-01,1,GROCERY I,0.0,0
2598168,2017-01-02,1,GROCERY I,1218.0,55
2599950,2017-01-03,1,GROCERY I,3507.0,78
2601732,2017-01-04,1,GROCERY I,3665.0,109
2603514,2017-01-05,1,GROCERY I,3085.0,49
2605296,2017-01-06,1,GROCERY I,3012.0,62
2607078,2017-01-07,1,GROCERY I,2898.0,49
2608860,2017-01-08,1,GROCERY I,1426.0,43
2610642,2017-01-09,1,GROCERY I,2850.0,50
2612424,2017-01-10,1,GROCERY I,2939.0,52
2614206,2017-01-11,1,GROCERY I,3265.0,48
2615988,2017-01-12,1,GROCERY I,2736.0,51
2617770,2017-01-13,1,GROCERY I,3014.0,65
2619552,2017-01-14,1,GROCERY I,2905.0,54
2621334,2017-01-15,1,GROCERY I,1410.0,50
2623116,2017-01-16,1,GROCERY I,2719.0,49
2624898,2017-01-17,1,GROCERY I,3896.0,63
2626680,2017-01-18,1,GROCERY I,3068.0,59
2628462,2017-01-19,1,GROCERY I,2395.0,48
2630244,2017-01-20,1,GROCERY I,2523.0,48
2632026,2017-01-21,1,GROCERY I,3212.0,51
2633808,2017-01-22,1,GROCERY I,1190.0,33
2635590,2017-01-23,1,GROCERY I,3208.0,49
2637372,2017-01-24,1,GROCERY I,2657.0,56
2639154,2017-01-25,1,GROCERY I,2830.0,56
2640936,2017-01-26,1,GROCERY I,2524.0,23
2642718,2017-01-27,1,GROCERY I,3039.0,31
2644500,2017-01-28,1,GROCERY I,2792.0,29
2646282,2017-01-29,1,GROCERY I,1354.0,23
2648064,2017-01-30,1,GROCERY I,2792.0,27
2649846,2017-01-31,1,GROCERY I,2463.0,32
2651628,2017-02-01,1,GROCERY I,3307.0,57
2653410,2017-02-02,1,GROCERY I,2807.0,27
2655192,2017-02-03,1,GROCERY I,3091.0,35
2656974,2017-02-04,1,GROCERY I,3198.0,44
2658756,2017-02-05,1,GROCERY I,1256.0,45
2660538,2017-02-06,1,GROCERY I,2561.0,37
2662320,2017-02-07,1,GROCERY I,2842.0,49
2664102,2017-02-08,1,GROCERY I,2993.0,68
2665884,2017-02-09,1,GROCERY I,2638.0,35
2667666,2017-02-10,1,GROCERY I,3484.0,39
2669448,2017-02-11,1,GROCERY I,2885.0,41
2671230,2017-02-12,1,GROCERY I,1210.0,30
2673012,2017-02-13,1,GROCERY I,3257.0,37
2674794,2017-02-14,1,GROCERY I,2848.0,26
2676576,2017-02-15,1,GROCERY I,2740.0,51
2678358,2017-02-16,1,GROCERY I,2643.0,53
2680140,2017-02-17,1,GROCERY I,2946.0,53
2681922,2017-02-18,1,GROCERY I,3462.0,54
2683704,2017-02-19,1,GROCERY I,1079.0,37
2685486,2017-02-20,1,GROCERY I,2697.0,54
2687268,2017-02-21,1,GROCERY I,2831.0,57
2689050,2017-02-22,1,GROCERY I,3362.0,69
2690832,2017-02-23,1,GROCERY I,2983.0,69
2692614,2017-02-24,1,GROCERY I,3120.0,66
2694396,2017-02-25,1,GROCERY I,2741.0,67
2696178,2017-02-26,1,GROCERY I,927.0,50
2697960,2017-02-27,1,GROCERY I,762.0,52
2699742,2017-02-28,1,GROCERY I,1392.0,53
2701524,2017-03-01,1,GROCERY I,3628.0,71
2703306,2017-03-02,1,GROCERY I,3323.0,52
2705088,2017-03-03,1,GROCERY I,3391.0,56
2706870,2017-03-04,1,GROCERY I,3002.0,55
2708652,2017-03-05,1,GROCERY I,1337.0,41
2710434,2017-03-06,1,GROCERY I,2819.0,39
2712216,2017-03-07,1,GROCERY I,4917.0,41
2713998,2017-03-08,1,GROCERY I,3218.0,40
2715780,2017-03-09,1,GROCERY I,2700.0,28
2717562,2017-03-10,1,GROCERY I,2966.0,28
2719344,2017-03-11,1,GROCERY I,3023.0,21
2721126,2017-03-12,1,GROCERY I,1438.0,21
2722908,2017-03-13,1,GROCERY I,2858.0,22
2724690,2017-03-14,1,GROCERY I,2775.0,22
2726472,2017-03-15,1,GROCERY I,3097.0,26
2728254,2017-03-16,1,GROCERY I,2933.0,22
2730036,2017-03-17,1,GROCERY I,3456.0,20
2731818,2017-03-18,1,GROCERY I,3015.0,20
2733600,2017-03-19,1,GROCERY I,1458.0,19
2735382,2017-03-20,1,GROCERY I,3157.0,19
2737164,2017-03-21,1,GROCERY I,3562.0,21
2738946,2017-03-22,1,GROCERY I,3074.0,27
2740728,2017-03-23,1,GROCERY I,2728.0,22
2742510,2017-03-24,1,GROCERY I,3321.0,24
2744292,2017-03-25,1,GROCERY I,2853.0,25
2746074,2017-03-26,1,GROCERY I,1330.0,18
2747856,2017-03-27,1,GROCERY I,2830.0,22
2749638,2017-03-28,1,GROCERY I,2937.0,20
2751420,2017-03-29,1,GROCERY I,3104.0,29
2753202,2017-03-30,1,GROCERY I,2557.0,34
2754984,2017-03-31,1,GROCERY I,3185.0,38
2756766,2017-04-01,1,GROCERY I,3912.0,39
2758548,2017-04-02,1,GROCERY I,1482.0,25
2760330,2017-04-03,1,GROCERY I,2886.0,32
2762112,2017-04-04,1,GROCERY I,2785.0,31
2763894,2017-04-05,1,GROCERY I,3492.0,43
2765676,2017-04-06,1,GROCERY I,2461.0,43
2767458,2017-04-07,1,GROCERY I,3054.0,42
2769240,2017-04-08,1,GROCERY I,3174.0,45
2771022,2017-04-09,1,GROCERY I,1394.0,28
2772804,2017-04-10,1,GROCERY I,2437.0,42
2774586,2017-04-11,1,GROCERY I,2674.0,48
2776368,2017-04-12,1,GROCERY I,3374.0,76
2778150,2017-04-13,1,GROCERY I,2931.0,67
2779932,2017-04-14,1,GROCERY I,790.0,38
2781714,2017-04-15,1,GROCERY I,2030.0,54
2783496,2017-04-16,1,GROCERY I,1185.0,60
2785278,2017-04-17,1,GROCERY I,3641.0,73
2787060,2017-04-18,1,GROCERY I,2579.0,65
2788842,2017-04-19,1,GROCERY I,2972.0,95
2790624,2017-04-20,1,GROCERY I,2546.0,72
2792406,2017-04-21,1,GROCERY I,3112.0,75
2794188,2017-04-22,1,GROCERY I,2824.0,69
2795970,2017-04-23,1,GROCERY I,1163.0,54
2797752,2017-04-24,1,GROCERY I,2540.0,75
2799534,2017-04-25,1,GROCERY I,2817.0,71
2801316,2017-04-26,1,GROCERY I,2868.0,75
2803098,2017-04-27,1,GROCERY I,2301.0,72
2804880,2017-04-28,1,GROCERY I,2876.0,90
2806662,2017-04-29,1,GROCERY I,2426.0,74
2808444,2017-04-30,1,GROCERY I,886.0,57
2810226,2017-05-01,1,GROCERY I,891.0,38
2812008,2017-05-02,1,GROCERY I,4193.0,61
2813790,2017-05-03,1,GROCERY I,3777.0,79
2815572,2017-05-04,1,GROCERY I,2800.0,51
2817354,2017-05-05,1,GROCERY I,2991.0,54
2819136,2017-05-06,1,GROCERY I,2752.0,52
2820918,2017-05-07,1,GROCERY I,1103.0,33
2822700,2017-05-08,1,GROCERY I,2854.0,40
2824482,2017-05-09,1,GROCERY I,2763.0,52
2826264,2017-05-10,1,GROCERY I,2925.0,75
2828046,2017-05-11,1,GROCERY I,2233.0,38
2829828,2017-05-12,1,GROCERY I,3532.0,39
2831610,2017-05-13,1,GROCERY I,2931.0,43
2833392,2017-05-14,1,GROCERY I,931.0,23
2835174,2017-05-15,1,GROCERY I,2531.0,43
2836956,2017-05-16,1,GROCERY I,2822.0,47
2838738,2017-05-17,1,GROCERY I,3131.0,40
2840520,2017-05-18,1,GROCERY I,2600.0,38
2842302,2017-05-19,1,GROCERY I,3077.0,36
2844084,2017-05-20,1,GROCERY I,2573.0,43
2845866,2017-05-21,1,GROCERY I,1205.0,32
2847648,2017-05-22,1,GROCERY I,2842.0,39
2849430,2017-05-23,1,GROCERY I,2665.0,41
2851212,2017-05-24,1,GROCERY I,3574.0,46
2852994,2017-05-25,1,GROCERY I,2505.0,40
2854776,2017-05-26,1,GROCERY I,1301.0,31
2856558,2017-05-27,1,GROCERY I,2166.0,33
2858340,2017-05-28,1,GROCERY I,1258.0,34
2860122,2017-05-29,1,GROCERY I,2666.0,39
2861904,2017-05-30,1,GROCERY I,2497.0,39
2863686,2017-05-31,1,GROCERY I,3262.0,38
2865468,2017-06-01,1,GROCERY I,2774.0,1
2867250,2017-06-02,1,GROCERY I,2953.0,33
2869032,2017-06-03,1,GROCERY I,2996.0,35
2870814,2017-06-04,1,GROCERY I,1148.0,22
2872596,2017-06-05,1,GROCERY I,3071.0,36
2874378,2017-06-06,1,GROCERY I,3383.0,37
2876160,2017-06-07,1,GROCERY I,3353.0,55
2877942,2017-06-08,1,GROCERY I,2902.0,51
2879724,2017-06-09,1,GROCERY I,3105.0,44
2881506,2017-06-10,1,GROCERY I,3106.0,51
2883288,2017-06-11,1,GROCERY I,1352.0,38
2885070,2017-06-12,1,GROCERY I,2601.0,45
2886852,2017-06-13,1,GROCERY I,2426.0,44
2888634,2017-06-14,1,GROCERY I,4411.0,65
2890416,2017-06-15,1,GROCERY I,3189.0,63
2892198,2017-06-16,1,GROCERY I,2991.0,53
2893980,2017-06-17,1,GROCERY I,3016.0,49
2895762,2017-06-18,1,GROCERY I,1223.0,40
2897544,2017-06-19,1,GROCERY I,3373.0,47
2899326,2017-06-20,1,GROCERY I,4575.0,48
2901108,2017-06-21,1,GROCERY I,2898.0,80
2902890,2017-06-22,1,GROCERY I,2499.0,56
2904672,2017-06-23,1,GROCERY I,2663.0,57
2906454,2017-06-24,1,GROCERY I,2877.0,55
2908236,2017-06-25,1,GROCERY I,1264.0,48
2910018,2017-06-26,1,GROCERY I,2812.0,45
2911800,2017-06-27,1,GROCERY I,2653.0,46
2913582,2017-06-28,1,GROCERY I,3003.0,53
2915364,2017-06-29,1,GROCERY I,2603.0,59
2917146,2017-06-30,1,GROCERY I,2916.0,70
2918928,2017-07-01,1,GROCERY I,2871.0,56
2920710,2017-07-02,1,GROCERY I,1222.0,54
2922492,2017-07-03,1,GROCERY I,2952.0,56
2924274,2017-07-04,1,GROCERY I,2759.0,60
2926056,2017-07-05,1,GROCERY I,3147.0,80
2927838,2017-07-06,1,GROCERY I,2550.0,58
2929620,2017-07-07,1,GROCERY I,2972.0,47
2931402,2017-07-08,1,GROCERY I,2561.0,45
2933184,2017-07-09,1,GROCERY I,1140.0,27
2934966,2017-07-10,1,GROCERY I,2849.0,46
2936748,2017-07-11,1,GROCERY I,2712.0,47
2938530,2017-07-12,1,GROCERY I,3185.0,59
2940312,2017-07-13,1,GROCERY I,2571.0,47
2942094,2017-07-14,1,GROCERY I,3182.0,58
2943876,2017-07-15,1,GROCERY I,2297.0,43
2945658,2017-07-16,1,GROCERY I,1028.0,39
2947440,2017-07-17,1,GROCERY I,2720.0,52
2949222,2017-07-18,1,GROCERY I,3370.0,54
2951004,2017-07-19,1,GROCERY I,3065.0,76
2952786,2017-07-20,1,GROCERY I,2592.0,64
2954568,2017-07-21,1,GROCERY I,2725.0,61
2956350,2017-07-22,1,GROCERY I,2576.0,65
2958132,2017-07-23,1,GROCERY I,1371.0,45
2959914,2017-07-24,1,GROCERY I,2612.0,55
2961696,2017-07-25,1,GROCERY I,2405.0,63
2963478,2017-07-26,1,GROCERY I,2878.0,69
2965260,2017-07-27,1,GROCERY I,2466.0,54
2967042,2017-07-28,1,GROCERY I,2622.0,44
2968824,2017-07-29,1,GROCERY I,2446.0,53
2970606,2017-07-30,1,GROCERY I,1086.0,42
2972388,2017-07-31,1,GROCERY I,2966.0,54
2974170,2017-08-01,1,GROCERY I,2872.0,45
2975952,2017-08-02,1,GROCERY I,3247.0,58
2977734,2017-08-03,1,GROCERY I,2177.0,29
2979516,2017-08-04,1,GROCERY I,2778.0,35
2981298,2017-08-05,1,GROCERY I,2034.0,29
2983080,2017-08-06,1,GROCERY I,1025.0,29
2984862,2017-08-07,1,GROCERY I,2551.0,44
2986644,2017-08-08,1,GROCERY I,3062.0,35
2988426,2017-08-09,1,GROCERY I,2719.0,46
2990208,2017-08-10,1,GROCERY I,2591.0,31
2991990,2017-08-11,1,GROCERY I,1270.0,24
2993772,2017-08-12,1,GROCERY I,1630.0,28
2995554,2017-08-13,1,GROCERY I,952.0,19
2997336,2017-08-14,1,GROCERY I,2407.0,30
2999118,2017-08-15,1,GROCERY I,2508.0,29
